{"v":"5.6.9","fr":30,"ip":1.00000004073083,"op":60,"w":150,"h":150,"nm":"Comp 1","ddd":0,"assets":[],"layers":[{"ddd":0,"ind":1,"ty":4,"nm":"Part 4","parent":9,"sr":1,"ks":{"o":{"a":0,"k":100,"ix":11},"r":{"a":0,"k":-90,"ix":10},"p":{"a":1,"k":[{"i":{"x":0.833,"y":0.833},"o":{"x":0.167,"y":0.167},"t":59,"s":[-242.8,0,0],"to":[10.008,0,0],"ti":[-10.008,0,0]},{"t":62.0000025253118,"s":[-182.75,0,0]}],"ix":2},"a":{"a":0,"k":[-5.219,-36.406,0],"ix":1},"s":{"a":1,"k":[{"i":{"x":[0.67,0.67,0.67],"y":[1,1,1]},"o":{"x":[0.33,0.33,0.33],"y":[0,0,0]},"t":41,"s":[666.667,0,100]},{"i":{"x":[0.833,0.833,0.833],"y":[1,1,1]},"o":{"x":[0.33,0.33,0.33],"y":[0,0,0]},"t":45,"s":[666.667,666.667,100]},{"i":{"x":[0.833,0.833,0.833],"y":[0.833,0.833,0.833]},"o":{"x":[0.167,0.167,0.167],"y":[0.167,0.167,0.167]},"t":59,"s":[666.667,666.667,100]},{"t":62.0000025253118,"s":[666.667,0,100]}],"ix":6}},"ao":0,"shapes":[{"ty":"gr","it":[{"ind":0,"ty":"sh","ix":1,"ks":{"a":0,"k":{"i":[[-0.57,0],[0,-0.57],[0.57,0],[0,0.57]],"o":[[0.57,0],[0,0.57],[-0.57,0],[0,-0.57]],"v":[[0,-1.031],[1.031,0],[0,1.031],[-1.031,0]],"c":true},"ix":2},"nm":"Path 1","mn":"ADBE Vector Shape - Group","hd":false},{"ty":"fl","c":{"a":0,"k":[0,0.521568627451,0.501960784314,1],"ix":4},"o":{"a":0,"k":100,"ix":5},"r":1,"bm":0,"nm":"Fill 1","mn":"ADBE Vector Graphic - Fill","hd":false},{"ty":"tr","p":{"a":0,"k":[-5.219,-36.406],"ix":2},"a":{"a":0,"k":[0,0],"ix":1},"s":{"a":0,"k":[100,100],"ix":3},"r":{"a":0,"k":0,"ix":6},"o":{"a":0,"k":100,"ix":7},"sk":{"a":0,"k":0,"ix":4},"sa":{"a":0,"k":0,"ix":5},"nm":"Transform"}],"nm":"Ellipse 1","np":3,"cix":2,"bm":0,"ix":1,"mn":"ADBE Vector Group","hd":false}],"ip":0,"op":150.000006109625,"st":0,"bm":0},{"ddd":0,"ind":2,"ty":4,"nm":"Part 3","parent":9,"sr":1,"ks":{"o":{"a":0,"k":100,"ix":11},"r":{"a":0,"k":0,"ix":10},"p":{"a":0,"k":[84.111,-306.447,0],"ix":2},"a":{"a":0,"k":[85.441,-304.249,0],"ix":1},"s":{"a":1,"k":[{"i":{"x":[0.833,0.833,0.833],"y":[0.833,0.833,0.833]},"o":{"x":[0.167,0.167,0.167],"y":[0.167,0.167,0.167]},"t":17,"s":[100,0,100]},{"i":{"x":[0.833,0.833,0.833],"y":[1,1,1]},"o":{"x":[0.173,0.173,0.173],"y":[0,0,0]},"t":19,"s":[100,100,100]},{"i":{"x":[0.576,0.576,0.576],"y":[-0.886,1.018,1]},"o":{"x":[0.221,0.221,0.221],"y":[0,0,0]},"t":29,"s":[100,100,100]},{"t":39.0000015885026,"s":[100.931,0,100]}],"ix":6}},"ao":0,"shapes":[{"ty":"gr","it":[{"ind":0,"ty":"sh","ix":1,"ks":{"a":1,"k":[{"i":{"x":0.833,"y":0.833},"o":{"x":0.167,"y":0.167},"t":14,"s":[{"i":[[0,1.414],[2.703,0],[0,-1.414],[-2.703,0]],"o":[[0,-1.414],[-2.703,0],[0,1.414],[2.703,0]],"v":[[234.764,-792.779],[229.87,-795.339],[224.976,-792.779],[229.87,-790.219]],"c":true}]},{"t":17.0000006924242,"s":[{"i":[[0,3.189],[3.189,0],[0,-3.189],[-3.189,0]],"o":[[0,-3.189],[-3.189,0],[0,3.189],[3.189,0]],"v":[[249.55,-882.582],[243.775,-888.357],[238,-882.582],[243.775,-876.807]],"c":true}]}],"ix":2},"nm":"Path 1","mn":"ADBE Vector Shape - Group","hd":false},{"ty":"fl","c":{"a":0,"k":[0,0.521568627451,0.501960784314,1],"ix":4},"o":{"a":0,"k":100,"ix":5},"r":1,"bm":0,"nm":"Fill 1","mn":"ADBE Vector Graphic - Fill","hd":false},{"ty":"tr","p":{"a":0,"k":[-158.333,578.333],"ix":2},"a":{"a":0,"k":[0,0],"ix":1},"s":{"a":0,"k":[100,100],"ix":3},"r":{"a":0,"k":0,"ix":6},"o":{"a":0,"k":100,"ix":7},"sk":{"a":0,"k":0,"ix":4},"sa":{"a":0,"k":0,"ix":5},"nm":"Transform"}],"nm":"Rectangle 1","np":3,"cix":2,"bm":0,"ix":1,"mn":"ADBE Vector Group","hd":false}],"ip":0,"op":150.000006109625,"st":0,"bm":0},{"ddd":0,"ind":3,"ty":4,"nm":"Part 2.2","cl":"2","parent":9,"sr":1,"ks":{"o":{"a":0,"k":100,"ix":11},"r":{"a":0,"k":0,"ix":10},"p":{"a":0,"k":[55.269,-306.445,0],"ix":2},"a":{"a":0,"k":[56.669,-306.249,0],"ix":1},"s":{"a":1,"k":[{"i":{"x":[0.833,0.833,0.833],"y":[0.833,0.833,0.833]},"o":{"x":[0.167,0.167,0.167],"y":[0.167,0.167,0.167]},"t":17,"s":[100,0,100]},{"i":{"x":[0.833,0.833,0.833],"y":[1,1,1]},"o":{"x":[0.173,0.173,0.173],"y":[0,0,0]},"t":19,"s":[100,100,100]},{"i":{"x":[0.576,0.576,0.576],"y":[-0.886,1.018,1]},"o":{"x":[0.221,0.221,0.221],"y":[0,0,0]},"t":29,"s":[100,100,100]},{"t":39.0000015885026,"s":[100.931,0,100]}],"ix":6}},"ao":0,"shapes":[{"ty":"gr","it":[{"ind":0,"ty":"sh","ix":1,"ks":{"a":1,"k":[{"i":{"x":0.833,"y":0.833},"o":{"x":0.167,"y":0.167},"t":14,"s":[{"i":[[0,1.115],[2.219,0],[0,-1.115],[-2.219,0]],"o":[[0,-1.115],[-2.219,0],[0,1.115],[2.219,0]],"v":[[209.865,-793.666],[205.847,-795.684],[201.829,-793.666],[205.847,-791.648]],"c":true}]},{"t":17.0000006924242,"s":[{"i":[[0,2.513],[2.513,0],[0,-2.513],[-2.513,0]],"o":[[0,-2.513],[-2.513,0],[0,2.513],[2.513,0]],"v":[[219.552,-884.582],[215.002,-889.132],[210.452,-884.582],[215.002,-880.032]],"c":true}]}],"ix":2},"nm":"Path 1","mn":"ADBE Vector Shape - Group","hd":false},{"ty":"fl","c":{"a":0,"k":[0,0.98431372549,1,1],"ix":4},"o":{"a":0,"k":100,"ix":5},"r":1,"bm":0,"nm":"Fill 1","mn":"ADBE Vector Graphic - Fill","hd":false},{"ty":"tr","p":{"a":0,"k":[-158.333,578.333],"ix":2},"a":{"a":0,"k":[0,0],"ix":1},"s":{"a":0,"k":[100,100],"ix":3},"r":{"a":0,"k":0,"ix":6},"o":{"a":0,"k":100,"ix":7},"sk":{"a":0,"k":0,"ix":4},"sa":{"a":0,"k":0,"ix":5},"nm":"Transform"}],"nm":"Rectangle 1","np":3,"cix":2,"bm":0,"ix":1,"mn":"ADBE Vector Group","hd":false}],"ip":0,"op":150.000006109625,"st":0,"bm":0},{"ddd":0,"ind":4,"ty":4,"nm":"Part 2","parent":9,"sr":1,"ks":{"o":{"a":0,"k":100,"ix":11},"r":{"a":0,"k":0,"ix":10},"p":{"a":0,"k":[55.269,-306.445,0],"ix":2},"a":{"a":0,"k":[56.669,-306.249,0],"ix":1},"s":{"a":1,"k":[{"i":{"x":[0.833,0.833,0.833],"y":[0.833,0.833,0.833]},"o":{"x":[0.167,0.167,0.167],"y":[0.167,0.167,0.167]},"t":17,"s":[100,0,100]},{"i":{"x":[0.833,0.833,0.833],"y":[1,1,1]},"o":{"x":[0.173,0.173,0.173],"y":[0,0,0]},"t":19,"s":[100,100,100]},{"i":{"x":[0.576,0.576,0.576],"y":[-0.886,1.018,1]},"o":{"x":[0.221,0.221,0.221],"y":[0,0,0]},"t":29,"s":[100,100,100]},{"t":39.0000015885026,"s":[100.931,0,100]}],"ix":6}},"ao":0,"shapes":[{"ty":"gr","it":[{"ind":0,"ty":"sh","ix":1,"ks":{"a":1,"k":[{"i":{"x":0.833,"y":0.833},"o":{"x":0.167,"y":0.167},"t":14,"s":[{"i":[[0,1.867],[3.492,0],[0,-1.867],[-3.492,0]],"o":[[0,-1.867],[-3.492,0],[0,1.867],[3.492,0]],"v":[[212.171,-793.229],[205.847,-796.609],[199.524,-793.229],[205.847,-789.85]],"c":true}]},{"t":17.0000006924242,"s":[{"i":[[0,4.196],[4.196,0],[0,-4.196],[-4.196,0]],"o":[[0,-4.196],[-4.196,0],[0,4.196],[4.196,0]],"v":[[222.6,-884.582],[215.002,-892.18],[207.404,-884.582],[215.002,-876.985]],"c":true}]}],"ix":2},"nm":"Path 1","mn":"ADBE Vector Shape - Group","hd":false},{"ty":"fl","c":{"a":0,"k":[0,0.521568627451,0.501960784314,1],"ix":4},"o":{"a":0,"k":100,"ix":5},"r":1,"bm":0,"nm":"Fill 1","mn":"ADBE Vector Graphic - Fill","hd":false},{"ty":"tr","p":{"a":0,"k":[-158.333,578.333],"ix":2},"a":{"a":0,"k":[0,0],"ix":1},"s":{"a":0,"k":[100,100],"ix":3},"r":{"a":0,"k":0,"ix":6},"o":{"a":0,"k":100,"ix":7},"sk":{"a":0,"k":0,"ix":4},"sa":{"a":0,"k":0,"ix":5},"nm":"Transform"}],"nm":"Rectangle 1","np":3,"cix":2,"bm":0,"ix":1,"mn":"ADBE Vector Group","hd":false}],"ip":0,"op":150.000006109625,"st":0,"bm":0},{"ddd":0,"ind":5,"ty":4,"nm":"Part 1","parent":9,"sr":1,"ks":{"o":{"a":0,"k":100,"ix":11},"r":{"a":0,"k":0,"ix":10},"p":{"a":0,"k":[-1.269,-305.584,0],"ix":2},"a":{"a":0,"k":[0,-306.323,0],"ix":1},"s":{"a":1,"k":[{"i":{"x":[0.833,0.833,0.833],"y":[0.833,0.833,0.833]},"o":{"x":[0.167,0.167,0.167],"y":[0.167,0.167,0.167]},"t":17,"s":[100,0,100]},{"i":{"x":[0.833,0.833,0.833],"y":[1,1,1]},"o":{"x":[0.173,0.173,0.173],"y":[0,0,0]},"t":19,"s":[100,100,100]},{"i":{"x":[0.576,0.576,0.576],"y":[-0.886,1.018,1]},"o":{"x":[0.221,0.221,0.221],"y":[0,0,0]},"t":29,"s":[100,100,100]},{"t":39.0000015885026,"s":[100.931,0,100]}],"ix":6}},"ao":0,"shapes":[{"ty":"gr","it":[{"ind":0,"ty":"sh","ix":1,"ks":{"a":1,"k":[{"i":{"x":0.833,"y":0.833},"o":{"x":0.167,"y":0.167},"t":14,"s":[{"i":[[0,0],[0.321,0],[0,0],[0,0.16],[0,0],[-0.321,0],[0,0],[0,-0.16]],"o":[[0,0.16],[0,0],[-0.321,0],[0,0],[0,-0.16],[0,0],[0.321,0],[0,0]],"v":[[173.857,-792.687],[173.274,-792.396],[144.11,-792.396],[143.527,-792.687],[143.527,-794.923],[144.11,-795.215],[173.274,-795.215],[173.857,-794.923]],"c":true}]},{"t":17.0000006924242,"s":[{"i":[[0,0],[0.385,0],[0,0],[0,0.385],[0,0],[-0.385,0],[0,0],[0,-0.385]],"o":[[0,0.385],[0,0],[-0.385,0],[0,0],[0,-0.385],[0,0],[0.385,0],[0,0]],"v":[[176.533,-881.973],[175.833,-881.273],[140.833,-881.273],[140.133,-881.973],[140.133,-887.34],[140.833,-888.04],[175.833,-888.04],[176.533,-887.34]],"c":true}]}],"ix":2},"nm":"Path 1","mn":"ADBE Vector Shape - Group","hd":false},{"ty":"fl","c":{"a":0,"k":[0,0.521568627451,0.501960784314,1],"ix":4},"o":{"a":0,"k":100,"ix":5},"r":1,"bm":0,"nm":"Fill 1","mn":"ADBE Vector Graphic - Fill","hd":false},{"ty":"tr","p":{"a":0,"k":[-158.333,578.333],"ix":2},"a":{"a":0,"k":[0,0],"ix":1},"s":{"a":0,"k":[100,100],"ix":3},"r":{"a":0,"k":0,"ix":6},"o":{"a":0,"k":100,"ix":7},"sk":{"a":0,"k":0,"ix":4},"sa":{"a":0,"k":0,"ix":5},"nm":"Transform"}],"nm":"Rectangle 1","np":3,"cix":2,"bm":0,"ix":1,"mn":"ADBE Vector Group","hd":false}],"ip":0,"op":150.000006109625,"st":0,"bm":0},{"ddd":0,"ind":6,"ty":4,"nm":"Screen","sr":1,"ks":{"o":{"a":0,"k":100,"ix":11},"r":{"a":1,"k":[{"i":{"x":[0.404],"y":[1]},"o":{"x":[0.919],"y":[0]},"t":24,"s":[0]},{"t":45.0000018328876,"s":[90]}],"ix":10},"p":{"a":0,"k":[75,75,0],"ix":2},"a":{"a":0,"k":[0,0,0],"ix":1},"s":{"a":1,"k":[{"i":{"x":[0.833,0.833,0.833],"y":[0.833,0.833,0.833]},"o":{"x":[0.167,0.167,0.167],"y":[0.167,0.167,0.167]},"t":11,"s":[15,0,100]},{"i":{"x":[0.833,0.833,0.833],"y":[1,1,1]},"o":{"x":[0.173,0.173,0.173],"y":[0,0,0]},"t":14,"s":[15,15,100]},{"i":{"x":[0.838,0.838,0.838],"y":[1,1,1]},"o":{"x":[0.173,0.173,0.173],"y":[0,0,0]},"t":29,"s":[15,15,100]},{"i":{"x":[0.838,0.838,0.838],"y":[1,1,1]},"o":{"x":[0.33,0.33,0.33],"y":[0,0,0]},"t":36,"s":[15,15.5,100]},{"i":{"x":[0.838,0.838,0.838],"y":[1,1,1]},"o":{"x":[0.33,0.33,0.33],"y":[0,0,0]},"t":45,"s":[15.5,15.5,100]},{"i":{"x":[0.667,0.667,0.667],"y":[1,1,1]},"o":{"x":[0.33,0.33,0.33],"y":[0,0,0]},"t":59,"s":[15.5,15.5,100]},{"t":65.0000026475043,"s":[0,15.5,100]}],"ix":6}},"ao":0,"shapes":[{"ty":"gr","it":[{"ind":0,"ty":"sh","ix":1,"ks":{"a":1,"k":[{"i":{"x":0.833,"y":0.833},"o":{"x":0.167,"y":0.167},"t":14,"s":[{"i":[[-14.182,0],[0,-16.653],[0,0],[9.913,0],[10.051,0],[1.846,15.389],[0,0],[-14.953,0]],"o":[[14.182,0],[0,0],[-1.936,14.055],[-3.429,0],[-10.051,0],[0,0],[0,-16.653],[14.953,0]],"v":[[307.927,-777.218],[335.194,-753.723],[280.635,-395.943],[256.923,-379.448],[60.743,-379.448],[36.055,-395.943],[-18.527,-753.723],[8.74,-777.218]],"c":true}]},{"i":{"x":0.833,"y":0.833},"o":{"x":0.167,"y":0.167},"t":17,"s":[{"i":[[0,0],[0,-24.5],[0,0],[0,0],[0,0],[0,24.5],[0,0],[0,0]],"o":[[0,0],[0,0],[0,24.5],[0,0],[0,0],[0,0],[0,-24.5],[0,0]],"v":[[276.925,-870.933],[301.192,-846.667],[301.192,-310],[276.925,-285.733],[39.742,-285.733],[15.475,-310],[15.475,-846.667],[39.742,-870.933]],"c":true}]},{"i":{"x":0.833,"y":0.833},"o":{"x":0.167,"y":0.167},"t":34,"s":[{"i":[[0,0],[0,-24.5],[0,0],[0,0],[0,0],[0,24.5],[0,0],[0,0]],"o":[[0,0],[0,0],[0,24.5],[0,0],[0,0],[0,0],[0,-24.5],[0,0]],"v":[[276.925,-870.933],[301.192,-846.667],[301.192,-310],[276.925,-285.733],[39.742,-285.733],[15.475,-310],[15.475,-846.667],[39.742,-870.933]],"c":true}]},{"i":{"x":0.833,"y":0.833},"o":{"x":0.167,"y":0.167},"t":41,"s":[{"i":[[0,0],[0,-24.5],[0,0],[0,0],[0,0],[0,24.5],[0,0],[0,0]],"o":[[0,0],[0,0],[0,24.5],[0,0],[0,0],[0,0],[0,-24.5],[0,0]],"v":[[271.291,-872.898],[295.557,-848.631],[295.557,-311.965],[271.291,-287.698],[-41.692,-287.698],[-65.958,-311.965],[-65.958,-848.631],[-41.692,-872.898]],"c":true}]},{"i":{"x":0.833,"y":0.833},"o":{"x":0.167,"y":0.167},"t":59,"s":[{"i":[[0,0],[0,-24.5],[0,0],[0,0],[0,0],[0,24.5],[0,0],[0,0]],"o":[[0,0],[0,0],[0,24.5],[0,0],[0,0],[0,0],[0,-24.5],[0,0]],"v":[[271.291,-872.898],[295.557,-848.631],[295.557,-311.965],[271.291,-287.698],[-41.692,-287.698],[-65.958,-311.965],[-65.958,-848.631],[-41.692,-872.898]],"c":true}]},{"t":66.0000026882351,"s":[{"i":[[0,0],[0,-24.5],[0,0],[0,0],[0,0],[0,24.5],[0,0],[0,0]],"o":[[0,0],[0,0],[0,24.5],[0,0],[0,0],[0,0],[0,-24.5],[0,0]],"v":[[221.952,-870.933],[231.833,-846.667],[231.833,-310],[221.952,-285.733],[94.715,-243.731],[84.833,-267.997],[84.833,-888.669],[94.715,-912.936]],"c":true}]}],"ix":2},"nm":"Path 1","mn":"ADBE Vector Shape - Group","hd":false},{"ty":"fl","c":{"a":0,"k":[0.9254901960784314,0.9411764705882353,0.9529411764705882,1],"ix":4},"o":{"a":0,"k":100,"ix":5},"r":1,"bm":0,"nm":"Fill 1","mn":"ADBE Vector Graphic - Fill","hd":false},{"ty":"tr","p":{"a":0,"k":[-158.333,578.333],"ix":2},"a":{"a":0,"k":[0,0],"ix":1},"s":{"a":0,"k":[100,100],"ix":3},"r":{"a":0,"k":0,"ix":6},"o":{"a":0,"k":100,"ix":7},"sk":{"a":0,"k":0,"ix":4},"sa":{"a":0,"k":0,"ix":5},"nm":"Transform"}],"nm":"Rectangle 1","np":3,"cix":2,"bm":0,"ix":1,"mn":"ADBE Vector Group","hd":false}],"ip":0,"op":150.000006109625,"st":0,"bm":0},{"ddd":0,"ind":7,"ty":4,"nm":"Front view","sr":1,"ks":{"o":{"a":1,"k":[{"i":{"x":[0.833],"y":[0.833]},"o":{"x":[0.167],"y":[0.167]},"t":10,"s":[0]},{"t":11.0000004480392,"s":[100]}],"ix":11},"r":{"a":0,"k":0,"ix":10},"p":{"a":0,"k":[75,75,0],"ix":2},"a":{"a":0,"k":[9,4,0],"ix":1},"s":{"a":1,"k":[{"i":{"x":[0.833,0.833,0.833],"y":[0.833,0.833,0.833]},"o":{"x":[0.167,0.167,0.167],"y":[0.167,0.167,0.167]},"t":10,"s":[0,0,100]},{"i":{"x":[0.833,0.833,0.833],"y":[0.833,0.833,0.833]},"o":{"x":[0.167,0.167,0.167],"y":[0.167,0.167,0.167]},"t":11,"s":[8,15,100]},{"t":12.00000048877,"s":[0,0,100]}],"ix":6}},"ao":0,"shapes":[{"ty":"gr","it":[{"ind":0,"ty":"sh","ix":1,"ks":{"a":0,"k":{"i":[[0,0.033],[0,0],[0,0],[10.123,0],[0,0],[0.159,-10],[0,0],[0,-0.051],[0,-0.05],[0,0],[-10.093,0],[0,0],[-0.114,10.107],[0,0]],"o":[[0,-0.034],[0,0],[-0.116,-10],[0,0],[-10.091,0],[0,0],[0,0],[0,0.05],[0,0],[0.156,10.06],[0,0],[10.124,0],[0,0],[0,-0.033]],"v":[[305.995,-3.999],[306,-4],[305.989,-4],[287.115,-22],[-305.856,-22],[-323.985,-4],[-324,-4],[-323.993,-3.999],[-324,-4],[-323.985,-4],[-305.856,14],[287.115,14],[305.989,-4],[306,-4]],"c":true},"ix":2},"nm":"Path 1","mn":"ADBE Vector Shape - Group","hd":false},{"ty":"fl","c":{"a":0,"k":[0,0.796078431373,0.764705882353,1],"ix":4},"o":{"a":0,"k":100,"ix":5},"r":1,"bm":0,"nm":"Fill 1","mn":"ADBE Vector Graphic - Fill","hd":false},{"ty":"tr","p":{"a":0,"k":[9,4],"ix":2},"a":{"a":0,"k":[0,0],"ix":1},"s":{"a":0,"k":[100,100],"ix":3},"r":{"a":0,"k":0,"ix":6},"o":{"a":0,"k":100,"ix":7},"sk":{"a":0,"k":0,"ix":4},"sa":{"a":0,"k":0,"ix":5},"nm":"Transform"}],"nm":"Rectangle 1","np":3,"cix":2,"bm":0,"ix":1,"mn":"ADBE Vector Group","hd":false}],"ip":0,"op":150.000006109625,"st":0,"bm":0},{"ddd":0,"ind":8,"ty":4,"nm":"Keyboard","sr":1,"ks":{"o":{"a":0,"k":100,"ix":11},"r":{"a":1,"k":[{"i":{"x":[0.404],"y":[1]},"o":{"x":[0.919],"y":[0]},"t":24,"s":[0]},{"t":45.0000018328876,"s":[90]}],"ix":10},"p":{"a":1,"k":[{"i":{"x":0.833,"y":0.833},"o":{"x":0.167,"y":0.167},"t":59,"s":[75,75,0],"to":[0,-0.333,0],"ti":[0,0.333,0]},{"t":64.0000026067734,"s":[75,73,0]}],"ix":2},"a":{"a":0,"k":[0,0,0],"ix":1},"s":{"a":1,"k":[{"i":{"x":[0.67,0.67,0.67],"y":[1,1,-4.045]},"o":{"x":[0.336,0.336,0.336],"y":[0,0,5.281]},"t":28,"s":[0,5,100]},{"i":{"x":[0.823,0.823,0.823],"y":[1,1,1]},"o":{"x":[0.433,0.433,0.433],"y":[0,0,8.036]},"t":42,"s":[15,15,100]},{"i":{"x":[0.667,0.667,0.667],"y":[1,1,1]},"o":{"x":[0.33,0.33,0.33],"y":[0,0,0]},"t":59,"s":[15,15,100]},{"t":65.0000026475043,"s":[0,15,100]}],"ix":6}},"ao":0,"hasMask":true,"masksProperties":[{"inv":false,"mode":"a","pt":{"a":0,"k":{"i":[[0,0],[0,-1.314],[0,0],[0.205,-0.15],[0,0],[0,1.29],[0,0],[-0.199,0.206]],"o":[[0.205,-0.213],[0,0],[0,1.314],[0,0],[-0.199,0.146],[0,0],[0,-1.29],[0,0]],"v":[[208.218,-318.194],[208.5,-316.2],[208.5,-229.88],[208.218,-227.227],[203.11,-223.669],[202.5,-225.742],[202.5,-310.461],[203.11,-313.169]],"c":true},"ix":1},"o":{"a":0,"k":100,"ix":3},"x":{"a":0,"k":0,"ix":4},"nm":"Mask 1"},{"inv":false,"mode":"a","pt":{"a":0,"k":{"i":[[0.125,0.096],[0,0],[0,0.798],[0,0],[-0.12,-0.079],[0,0],[0,-0.812],[0,0]],"o":[[0,0],[-0.12,-0.093],[0,0],[0,-0.798],[0,0],[0.124,0.081],[0,0],[0,0.812]],"v":[[201.638,222.005],[196.723,218.196],[196.5,216.583],[196.5,184.552],[196.904,183.25],[201.545,186.467],[201.5,188.086],[201.5,220.709]],"c":true},"ix":1},"o":{"a":0,"k":100,"ix":3},"x":{"a":0,"k":0,"ix":4},"nm":"Mask 2"},{"inv":false,"mode":"a","pt":{"a":0,"k":{"i":[[0,0],[0.119,0.096],[0,0],[0,0.781],[0,0],[-0.115,-0.079],[0,0],[0,-0.795]],"o":[[0,0.795],[0,0],[-0.115,-0.093],[0,0],[0,-0.781],[0,0],[0.119,0.082],[0,0]],"v":[[195.5,225.247],[195.557,226.513],[190.778,222.709],[190.5,221.126],[190.5,189.754],[190.915,188.483],[195.454,191.719],[195.5,193.308]],"c":true},"ix":1},"o":{"a":0,"k":100,"ix":3},"x":{"a":0,"k":0,"ix":4},"nm":"Mask 3"},{"inv":false,"mode":"a","pt":{"a":0,"k":{"i":[[0.119,0.079],[0,0],[0,0.781],[0,0],[-0.115,-0.063],[0,0],[0,-0.795],[0,0]],"o":[[0,0],[-0.115,-0.077],[0,0],[0,-0.781],[0,0],[0.119,0.065],[0,0],[0,0.795]],"v":[[195.557,184.897],[190.778,181.772],[190.5,180.219],[190.5,148.847],[190.915,147.546],[195.454,150.104],[195.5,151.661],[195.5,183.6]],"c":true},"ix":1},"o":{"a":0,"k":100,"ix":3},"x":{"a":0,"k":0,"ix":4},"nm":"Mask 4"},{"inv":false,"mode":"a","pt":{"a":0,"k":{"i":[[0.13,0.091],[0,0],[0,0.815],[0,0],[-0.125,-0.073],[0,0],[0,-0.83],[0,0]],"o":[[0,0],[-0.125,-0.088],[0,0],[0,-0.815],[0,0],[0.13,0.075],[0,0],[0,0.83]],"v":[[208.354,204.394],[202.978,200.803],[202.5,199.169],[202.5,166.451],[203.023,165.107],[208.207,168.08],[208.5,169.72],[208.5,203.056]],"c":true},"ix":1},"o":{"a":0,"k":100,"ix":3},"x":{"a":0,"k":0,"ix":4},"nm":"Mask 5"},{"inv":false,"mode":"a","pt":{"a":0,"k":{"i":[[0,0],[0.125,0.079],[0,0],[0,0.798],[0,0],[-0.12,-0.061],[0,0],[0,-0.812]],"o":[[0,0.812],[0,0],[-0.12,-0.076],[0,0],[0,-0.798],[0,0],[0.124,0.064],[0,0]],"v":[[201.5,177.953],[201.638,179.281],[196.723,176.184],[196.5,174.603],[196.5,142.572],[196.904,141.239],[201.545,143.744],[201.5,145.33]],"c":true},"ix":1},"o":{"a":0,"k":100,"ix":3},"x":{"a":0,"k":0,"ix":4},"nm":"Mask 6"},{"inv":false,"mode":"a","pt":{"a":0,"k":{"i":[[0,0],[0.119,0.062],[0,0],[0,0.781],[0,0],[-0.115,-0.046],[0,0],[0,-0.795]],"o":[[0,0.795],[0,0],[-0.115,-0.06],[0,0],[0,-0.781],[0,0],[0.119,0.048],[0,0]],"v":[[195.5,142.209],[195.557,143.537],[190.778,141.087],[190.5,139.564],[190.5,108.192],[190.915,106.861],[195.454,108.744],[195.5,110.27]],"c":true},"ix":1},"o":{"a":0,"k":100,"ix":3},"x":{"a":0,"k":0,"ix":4},"nm":"Mask 7"},{"inv":false,"mode":"a","pt":{"a":0,"k":{"i":[[0,0],[0,0.798],[0,0],[-0.12,-0.044],[0,0],[0,-0.812],[0,0],[0.124,0.06]],"o":[[-0.12,-0.058],[0,0],[0,-0.798],[0,0],[0.124,0.046],[0,0],[0,0.812],[0,0]],"v":[[196.904,134.173],[196.5,132.622],[196.5,100.592],[196.904,99.227],[201.545,101.02],[201.5,102.574],[201.5,135.196],[201.545,136.558]],"c":true},"ix":1},"o":{"a":0,"k":100,"ix":3},"x":{"a":0,"k":0,"ix":4},"nm":"Mask 8"},{"inv":false,"mode":"a","pt":{"a":0,"k":{"i":[[0.119,0.045],[0,0],[0,0.781],[0,0],[-0.115,-0.03],[0,0],[0,-0.796],[0,0]],"o":[[0,0],[-0.115,-0.044],[0,0],[0,-0.781],[0,0],[0.119,0.031],[0,0],[0,0.795]],"v":[[195.557,101.921],[190.778,100.15],[190.5,98.657],[190.5,67.286],[190.915,65.924],[195.454,67.128],[195.5,68.623],[195.5,100.562]],"c":true},"ix":1},"o":{"a":0,"k":100,"ix":3},"x":{"a":0,"k":0,"ix":4},"nm":"Mask 9"},{"inv":false,"mode":"a","pt":{"a":0,"k":{"i":[[0,0],[0,0.815],[0,0],[-0.125,-0.037],[0,0],[0,-0.83],[0,0],[0.13,0.054]],"o":[[-0.125,-0.052],[0,0],[0,-0.815],[0,0],[0.13,0.038],[0,0],[0,0.83],[0,0]],"v":[[203.023,115.762],[202.5,114.193],[202.5,81.475],[203.023,80.066],[208.207,81.567],[208.5,83.139],[208.5,116.475],[208.207,117.881]],"c":true},"ix":1},"o":{"a":0,"k":100,"ix":3},"x":{"a":0,"k":0,"ix":4},"nm":"Mask 10"},{"inv":false,"mode":"a","pt":{"a":0,"k":{"i":[[0,0],[0.125,0.042],[0,0],[0,0.798],[0,0],[-0.12,-0.027],[0,0],[0,-0.812]],"o":[[0,0.813],[0,0],[-0.12,-0.041],[0,0],[0,-0.798],[0,0],[0.124,0.027],[0,0]],"v":[[201.5,92.44],[201.638,93.834],[196.723,92.161],[196.5,90.642],[196.5,58.611],[196.904,57.215],[201.545,58.297],[201.5,59.817]],"c":true},"ix":1},"o":{"a":0,"k":100,"ix":3},"x":{"a":0,"k":0,"ix":4},"nm":"Mask 11"},{"inv":false,"mode":"a","pt":{"a":0,"k":{"i":[[0.119,0.028],[0,0],[0,0.781],[0,0],[-0.115,-0.013],[0,0],[0,-0.795],[0,0]],"o":[[0,0],[-0.115,-0.027],[0,0],[0,-0.781],[0,0],[0.119,0.013],[0,0],[0,0.795]],"v":[[195.557,60.305],[190.778,59.213],[190.5,57.75],[190.5,26.379],[190.915,24.987],[195.454,25.512],[195.5,26.976],[195.5,58.915]],"c":true},"ix":1},"o":{"a":0,"k":100,"ix":3},"x":{"a":0,"k":0,"ix":4},"nm":"Mask 12"},{"inv":false,"mode":"a","pt":{"a":0,"k":{"i":[[0,0],[0,0.815],[0,0],[-0.125,-0.019],[0,0],[0,-0.83],[0,0],[0.13,0.035]],"o":[[-0.125,-0.034],[0,0],[0,-0.815],[0,0],[0.13,0.019],[0,0],[0,0.83],[0,0]],"v":[[203.023,73.241],[202.5,71.705],[202.5,38.987],[203.023,37.545],[208.207,38.31],[208.5,39.848],[208.5,73.185],[208.207,74.624]],"c":true},"ix":1},"o":{"a":0,"k":100,"ix":3},"x":{"a":0,"k":0,"ix":4},"nm":"Mask 13"},{"inv":false,"mode":"a","pt":{"a":0,"k":{"i":[[0,0],[0.125,0.024],[0,0],[0,0.798],[0,0],[-0.12,-0.009],[0,0],[0,-0.812]],"o":[[0,0.812],[0,0],[-0.12,-0.024],[0,0],[0,-0.798],[0,0],[0.124,0.009],[0,0]],"v":[[201.5,49.945],[201.638,51.372],[196.723,50.406],[196.5,48.918],[196.5,16.888],[196.904,15.46],[201.545,15.834],[201.5,17.323]],"c":true},"ix":1},"o":{"a":0,"k":100,"ix":3},"x":{"a":0,"k":0,"ix":4},"nm":"Mask 14"},{"inv":false,"mode":"a","pt":{"a":0,"k":{"i":[[0.119,0.01],[0,0],[0,0.781],[0,0],[-0.115,0.004],[0,0],[0,-0.795],[0,0]],"o":[[0,0],[-0.115,-0.01],[0,0],[0,-0.781],[0,0],[0.119,-0.004],[0,0],[0,0.795]],"v":[[195.557,18.945],[190.778,18.528],[190.5,17.095],[190.5,-14.276],[190.915,-15.698],[195.454,-15.848],[195.5,-14.415],[195.5,17.524]],"c":true},"ix":1},"o":{"a":0,"k":100,"ix":3},"x":{"a":0,"k":0,"ix":4},"nm":"Mask 15"},{"inv":false,"mode":"a","pt":{"a":0,"k":{"i":[[0,0],[0,0.814],[0,0],[-0.125,-0.001],[0,0],[0,-0.83],[0,0],[0.13,0.016]],"o":[[-0.125,-0.016],[0,0],[0,-0.815],[0,0],[0.13,0],[0,0],[0,0.83],[0,0]],"v":[[203.023,30.721],[202.5,29.217],[202.5,-3.502],[203.023,-4.975],[208.207,-4.947],[208.5,-3.443],[208.5,29.894],[208.207,31.368]],"c":true},"ix":1},"o":{"a":0,"k":100,"ix":3},"x":{"a":0,"k":0,"ix":4},"nm":"Mask 16"},{"inv":false,"mode":"a","pt":{"a":0,"k":{"i":[[0,0],[0.125,0.006],[0,0],[0,0.798],[0,0],[-0.12,0.008],[0,0],[0,-0.813]],"o":[[0,0.812],[0,0],[-0.12,-0.006],[0,0],[0,-0.798],[0,0],[0.124,-0.009],[0,0]],"v":[[201.5,7.189],[201.638,8.649],[196.723,8.394],[196.5,6.938],[196.5,-25.093],[196.904,-26.552],[201.545,-26.889],[201.5,-25.434]],"c":true},"ix":1},"o":{"a":0,"k":100,"ix":3},"x":{"a":0,"k":0,"ix":4},"nm":"Mask 17"},{"inv":false,"mode":"a","pt":{"a":0,"k":{"i":[[0,0],[0,0.781],[0,0],[-0.115,0.02],[0,0],[0,-0.795],[0,0],[0.119,-0.006]],"o":[[-0.115,0.006],[0,0],[0,-0.781],[0,0],[0.119,-0.021],[0,0],[0,0.795],[0,0]],"v":[[190.915,-21.234],[190.5,-22.638],[190.5,-54.01],[190.915,-55.46],[195.454,-56.27],[195.5,-54.867],[195.5,-22.927],[195.454,-21.476]],"c":true},"ix":1},"o":{"a":0,"k":100,"ix":3},"x":{"a":0,"k":0,"ix":4},"nm":"Mask 18"},{"inv":false,"mode":"a","pt":{"a":0,"k":{"i":[[0,0.815],[0,0],[-0.125,0.017],[0,0],[0,-0.83],[0,0],[0.13,-0.002],[0,0]],"o":[[0,0],[0,-0.815],[0,0],[0.13,-0.018],[0,0],[0,0.83],[0,0],[-0.125,0.002]],"v":[[202.5,-13.271],[202.5,-45.99],[203.023,-47.496],[208.207,-48.204],[208.5,-46.733],[208.5,-13.397],[208.354,-11.889],[202.978,-11.8]],"c":true},"ix":1},"o":{"a":0,"k":100,"ix":3},"x":{"a":0,"k":0,"ix":4},"nm":"Mask 19"},{"inv":false,"mode":"a","pt":{"a":0,"k":{"i":[[0,0],[0.125,-0.011],[0,0],[0,0.798],[0,0],[-0.12,0.025],[0,0],[0,-0.812]],"o":[[0,0.812],[0,0],[-0.12,0.01],[0,0],[0,-0.797],[0,0],[0.124,-0.026],[0,0]],"v":[[201.5,-33.737],[201.638,-32.246],[196.723,-31.819],[196.5,-33.245],[196.5,-65.276],[196.904,-66.765],[201.545,-67.784],[201.5,-66.359]],"c":true},"ix":1},"o":{"a":0,"k":100,"ix":3},"x":{"a":0,"k":0,"ix":4},"nm":"Mask 20"},{"inv":false,"mode":"a","pt":{"a":0,"k":{"i":[[0,0],[0,0.781],[0,0],[-0.115,0.036],[0,0],[0,-0.795],[0,0],[0.119,-0.023]],"o":[[-0.115,0.022],[0,0],[0,-0.781],[0,0],[0.119,-0.038],[0,0],[0,0.795],[0,0]],"v":[[190.915,-62.507],[190.5,-63.88],[190.5,-95.252],[190.915,-96.733],[195.454,-98.227],[195.5,-96.855],[195.5,-64.916],[195.454,-63.433]],"c":true},"ix":1},"o":{"a":0,"k":100,"ix":3},"x":{"a":0,"k":0,"ix":4},"nm":"Mask 21"},{"inv":false,"mode":"a","pt":{"a":0,"k":{"i":[[0,0.815],[0,0],[-0.125,0.035],[0,0],[0,-0.83],[0,0],[0.13,-0.021],[0,0]],"o":[[0,0],[0,-0.815],[0,0],[0.13,-0.037],[0,0],[0,0.83],[0,0],[-0.125,0.02]],"v":[[202.5,-55.759],[202.5,-88.478],[203.023,-90.017],[208.207,-91.461],[208.5,-90.024],[208.5,-56.687],[208.354,-55.146],[202.978,-54.321]],"c":true},"ix":1},"o":{"a":0,"k":100,"ix":3},"x":{"a":0,"k":0,"ix":4},"nm":"Mask 22"},{"inv":false,"mode":"a","pt":{"a":0,"k":{"i":[[0,0],[0.125,-0.029],[0,0],[0,0.798],[0,0],[-0.12,0.042],[0,0],[0,-0.813]],"o":[[0,0.812],[0,0],[-0.12,0.028],[0,0],[0,-0.798],[0,0],[0.124,-0.043],[0,0]],"v":[[201.5,-76.1],[201.638,-74.578],[196.723,-73.446],[196.5,-74.84],[196.5,-106.871],[196.904,-108.392],[201.545,-110.116],[201.5,-108.723]],"c":true},"ix":1},"o":{"a":0,"k":100,"ix":3},"x":{"a":0,"k":0,"ix":4},"nm":"Mask 23"},{"inv":false,"mode":"a","pt":{"a":0,"k":{"i":[[0,0],[0.119,-0.04],[0,0],[0,0.781],[0,0],[-0.115,0.053],[0,0],[0,-0.795]],"o":[[0,0.795],[0,0],[-0.115,0.039],[0,0],[0,-0.781],[0,0],[0.119,-0.055],[0,0]],"v":[[195.5,-106.392],[195.557,-104.879],[190.778,-103.276],[190.5,-104.619],[190.5,-135.991],[190.915,-137.501],[195.454,-139.672],[195.5,-138.332]],"c":true},"ix":1},"o":{"a":0,"k":100,"ix":3},"x":{"a":0,"k":0,"ix":4},"nm":"Mask 24"},{"inv":false,"mode":"a","pt":{"a":0,"k":{"i":[[0,0.798],[0,0],[-0.12,0.06],[0,0],[0,-0.813],[0,0],[0.125,-0.047],[0,0]],"o":[[0,0],[0,-0.798],[0,0],[0.124,-0.062],[0,0],[0,0.813],[0,0],[-0.12,0.045]],"v":[[196.5,-116.435],[196.5,-148.466],[196.904,-150.018],[201.545,-152.447],[201.5,-151.087],[201.5,-118.465],[201.638,-116.909],[196.723,-115.072]],"c":true},"ix":1},"o":{"a":0,"k":100,"ix":3},"x":{"a":0,"k":0,"ix":4},"nm":"Mask 25"},{"inv":false,"mode":"a","pt":{"a":0,"k":{"i":[[0,0],[0,0.781],[0,0],[-0.115,0.069],[0,0],[0,-0.795],[0,0],[0.119,-0.058]],"o":[[-0.115,0.055],[0,0],[0,-0.781],[0,0],[0.119,-0.072],[0,0],[0,0.795],[0,0]],"v":[[190.915,-143.374],[190.5,-144.688],[190.5,-176.059],[190.915,-177.599],[195.454,-180.435],[195.5,-179.125],[195.5,-147.186],[195.454,-145.641]],"c":true},"ix":1},"o":{"a":0,"k":100,"ix":3},"x":{"a":0,"k":0,"ix":4},"nm":"Mask 26"},{"inv":false,"mode":"a","pt":{"a":0,"k":{"i":[[0,0.815],[0,0],[-0.125,0.071],[0,0],[0,-0.83],[0,0],[0.13,-0.058],[0,0]],"o":[[0,0],[0,-0.815],[0,0],[0.13,-0.074],[0,0],[0,0.83],[0,0],[-0.125,0.056]],"v":[[202.5,-140.736],[202.5,-173.454],[203.023,-175.058],[208.207,-177.974],[208.5,-176.605],[208.5,-143.268],[208.354,-141.66],[202.978,-139.362]],"c":true},"ix":1},"o":{"a":0,"k":100,"ix":3},"x":{"a":0,"k":0,"ix":4},"nm":"Mask 27"},{"inv":false,"mode":"a","pt":{"a":0,"k":{"i":[[0,0],[0.125,-0.065],[0,0],[0,0.798],[0,0],[-0.12,0.077],[0,0],[0,-0.813]],"o":[[0,0.813],[0,0],[-0.12,0.062],[0,0],[0,-0.798],[0,0],[0.124,-0.079],[0,0]],"v":[[201.5,-160.567],[201.638,-158.979],[196.723,-156.442],[196.5,-157.774],[196.5,-189.805],[196.904,-191.388],[201.545,-194.517],[201.5,-193.19]],"c":true},"ix":1},"o":{"a":0,"k":100,"ix":3},"x":{"a":0,"k":0,"ix":4},"nm":"Mask 28"},{"inv":false,"mode":"a","pt":{"a":0,"k":{"i":[[0,0],[0,0.781],[0,0],[-0.115,0.086],[0,0],[0,-0.795],[0,0],[0.119,-0.075]],"o":[[-0.115,0.072],[0,0],[0,-0.781],[0,0],[0.119,-0.089],[0,0],[0,0.795],[0,0]],"v":[[190.915,-185.149],[190.5,-186.433],[190.5,-217.804],[190.915,-219.375],[195.454,-222.904],[195.5,-221.625],[195.5,-189.686],[195.454,-188.11]],"c":true},"ix":1},"o":{"a":0,"k":100,"ix":3},"x":{"a":0,"k":0,"ix":4},"nm":"Mask 29"},{"inv":false,"mode":"a","pt":{"a":0,"k":{"i":[[0,0.815],[0,0],[-0.125,0.089],[0,0],[0,-0.83],[0,0],[0.13,-0.077],[0,0]],"o":[[0,0],[0,-0.815],[0,0],[0.13,-0.092],[0,0],[0,0.83],[0,0],[-0.125,0.074]],"v":[[202.5,-182.808],[202.5,-215.527],[203.023,-217.163],[208.207,-220.808],[208.5,-219.472],[208.5,-186.136],[208.354,-184.494],[202.978,-181.467]],"c":true},"ix":1},"o":{"a":0,"k":100,"ix":3},"x":{"a":0,"k":0,"ix":4},"nm":"Mask 30"},{"inv":false,"mode":"a","pt":{"a":0,"k":{"i":[[0,0],[0.125,-0.082],[0,0],[0,0.798],[0,0],[-0.12,0.094],[0,0],[0,-0.813]],"o":[[0,0.813],[0,0],[-0.12,0.079],[0,0],[0,-0.798],[0,0],[0.124,-0.097],[0,0]],"v":[[201.5,-202.67],[201.638,-201.05],[196.723,-197.811],[196.5,-199.112],[196.5,-231.143],[196.904,-232.757],[201.545,-236.588],[201.5,-235.292]],"c":true},"ix":1},"o":{"a":0,"k":100,"ix":3},"x":{"a":0,"k":0,"ix":4},"nm":"Mask 31"},{"inv":false,"mode":"a","pt":{"a":0,"k":{"i":[[0,0.781],[0,0],[-0.115,0.103],[0,0],[0,-0.796],[0,0],[0.119,-0.092],[0,0]],"o":[[0,0],[0,-0.781],[0,0],[0.119,-0.106],[0,0],[0,0.795],[0,0],[-0.115,0.089]],"v":[[190.5,-226.333],[190.5,-257.705],[190.915,-259.306],[195.454,-263.496],[195.5,-262.248],[195.5,-230.309],[195.557,-228.702],[190.778,-225.079]],"c":true},"ix":1},"o":{"a":0,"k":100,"ix":3},"x":{"a":0,"k":0,"ix":4},"nm":"Mask 32"},{"inv":false,"mode":"a","pt":{"a":0,"k":{"i":[[0,0],[0,-1.115],[0,0],[0.171,-0.138],[0,0],[0,1.095],[0,0],[-0.165,0.171]],"o":[[0.171,-0.177],[0,0],[0,1.115],[0,0],[-0.165,0.133],[0,0],[0,-1.095],[0,0]],"v":[[201.554,-311.583],[201.5,-309.884],[201.5,-246.889],[201.554,-244.62],[196.804,-240.788],[196.5,-242.53],[196.5,-304.38],[196.804,-306.672]],"c":true},"ix":1},"o":{"a":0,"k":100,"ix":3},"x":{"a":0,"k":0,"ix":4},"nm":"Mask 33"},{"inv":false,"mode":"a","pt":{"a":0,"k":{"i":[[-0.115,0.119],[0,0],[0,-0.795],[0,0],[0.119,-0.109],[0,0],[0,0.781],[0,0]],"o":[[0,0],[0.119,-0.124],[0,0],[0,0.795],[0,0],[-0.115,0.105],[0,0],[0,-0.781]],"v":[[190.915,-300.41],[195.454,-305.283],[195.5,-304.066],[195.5,-272.127],[195.557,-270.489],[190.778,-266.184],[190.5,-267.408],[190.5,-298.78]],"c":true},"ix":1},"o":{"a":0,"k":100,"ix":3},"x":{"a":0,"k":0,"ix":4},"nm":"Mask 34"},{"inv":false,"mode":"a","pt":{"a":0,"k":{"i":[[0,2.126],[0,0],[-0.308,0.318],[0,0],[0,-2.164],[0,0],[0.317,-0.267],[0,0]],"o":[[0,0],[0,-2.126],[0,0],[0.317,-0.328],[0,0],[0,2.164],[0,0],[-0.308,0.259]],"v":[[184.5,-243.997],[184.5,-289.972],[185.403,-294.398],[189.061,-298.318],[189.5,-294.994],[189.5,-248.204],[189.234,-243.802],[185.248,-240.615]],"c":true},"ix":1},"o":{"a":0,"k":100,"ix":3},"x":{"a":0,"k":0,"ix":4},"nm":"Mask 35"},{"inv":false,"mode":"a","pt":{"a":0,"k":{"i":[[0,0.766],[0,0],[-0.111,0.091],[0,0],[0,-0.779],[0,0],[0.115,-0.08],[0,0]],"o":[[0,0],[0,-0.766],[0,0],[0.115,-0.094],[0,0],[0,0.779],[0,0],[-0.111,0.077]],"v":[[184.5,-201.616],[184.5,-232.354],[185.046,-233.904],[189.429,-237.596],[189.5,-236.355],[189.5,-205.071],[189.601,-203.516],[184.891,-200.369]],"c":true},"ix":1},"o":{"a":0,"k":100,"ix":3},"x":{"a":0,"k":0,"ix":4},"nm":"Mask 36"},{"inv":false,"mode":"a","pt":{"a":0,"k":{"i":[[0,0.765],[0,0],[-0.111,0.075],[0,0],[0,-0.779],[0,0],[0.115,-0.064],[0,0]],"o":[[0,0],[0,-0.766],[0,0],[0.115,-0.078],[0,0],[0,0.779],[0,0],[-0.111,0.062]],"v":[[184.5,-163.176],[184.5,-193.915],[185.046,-195.437],[189.429,-198.505],[189.5,-197.235],[189.5,-165.951],[189.601,-164.425],[184.891,-161.902]],"c":true},"ix":1},"o":{"a":0,"k":100,"ix":3},"x":{"a":0,"k":0,"ix":4},"nm":"Mask 37"},{"inv":false,"mode":"a","pt":{"a":0,"k":{"i":[[0,0.765],[0,0],[-0.111,0.059],[0,0],[0,-0.779],[0,0],[0.115,-0.047],[0,0]],"o":[[0,0],[0,-0.765],[0,0],[0.115,-0.061],[0,0],[0,0.779],[0,0],[-0.111,0.046]],"v":[[184.5,-123.177],[184.5,-153.916],[185.046,-155.409],[189.429,-157.826],[189.5,-156.526],[189.5,-125.242],[189.601,-123.746],[184.891,-121.874]],"c":true},"ix":1},"o":{"a":0,"k":100,"ix":3},"x":{"a":0,"k":0,"ix":4},"nm":"Mask 38"},{"inv":false,"mode":"a","pt":{"a":0,"k":{"i":[[0,0.766],[0,0],[-0.111,0.043],[0,0],[0,-0.779],[0,0],[0.115,-0.03],[0,0]],"o":[[0,0],[0,-0.765],[0,0],[0.115,-0.045],[0,0],[0,0.779],[0,0],[-0.111,0.03]],"v":[[184.5,-82.767],[184.5,-113.505],[185.046,-114.97],[189.429,-116.729],[189.5,-115.4],[189.5,-84.116],[189.601,-82.65],[184.891,-81.434]],"c":true},"ix":1},"o":{"a":0,"k":100,"ix":3},"x":{"a":0,"k":0,"ix":4},"nm":"Mask 39"},{"inv":false,"mode":"a","pt":{"a":0,"k":{"i":[[0,0.766],[0,0],[-0.111,0.027],[0,0],[0,-0.779],[0,0],[0.115,-0.014],[0,0]],"o":[[0,0],[0,-0.765],[0,0],[0.115,-0.028],[0,0],[0,0.779],[0,0],[-0.111,0.014]],"v":[[184.5,-42.274],[184.5,-73.013],[185.046,-74.448],[189.429,-75.55],[189.5,-74.19],[189.5,-42.906],[189.601,-41.47],[184.891,-40.913]],"c":true},"ix":1},"o":{"a":0,"k":100,"ix":3},"x":{"a":0,"k":0,"ix":4},"nm":"Mask 40"},{"inv":false,"mode":"a","pt":{"a":0,"k":{"i":[[0,0],[0,0.765],[0,0],[-0.111,0.011],[0,0],[0,-0.779],[0,0],[0.115,0.002]],"o":[[-0.111,-0.002],[0,0],[0,-0.765],[0,0],[0.115,-0.012],[0,0],[0,0.779],[0,0]],"v":[[185.046,-1.46],[184.5,-2.849],[184.5,-33.589],[185.046,-34.995],[189.429,-35.455],[189.5,-34.066],[189.5,-2.782],[189.429,-1.375]],"c":true},"ix":1},"o":{"a":0,"k":100,"ix":3},"x":{"a":0,"k":0,"ix":4},"nm":"Mask 41"},{"inv":false,"mode":"a","pt":{"a":0,"k":{"i":[[0,0],[0,0.766],[0,0],[-0.111,-0.005],[0,0],[0,-0.779],[0,0],[0.115,0.018]],"o":[[-0.111,-0.018],[0,0],[0,-0.766],[0,0],[0.115,0.005],[0,0],[0,0.779],[0,0]],"v":[[185.046,39.144],[184.5,37.725],[184.5,6.986],[185.046,5.609],[189.429,5.808],[189.5,7.228],[189.5,38.511],[189.429,39.888]],"c":true},"ix":1},"o":{"a":0,"k":100,"ix":3},"x":{"a":0,"k":0,"ix":4},"nm":"Mask 42"},{"inv":false,"mode":"a","pt":{"a":0,"k":{"i":[[0,0],[0,0.766],[0,0],[-0.111,-0.021],[0,0],[0,-0.779],[0,0],[0.115,0.035]],"o":[[-0.111,-0.034],[0,0],[0,-0.766],[0,0],[0.115,0.021],[0,0],[0,0.779],[0,0]],"v":[[185.046,78.227],[184.5,76.78],[184.5,46.041],[185.046,44.692],[189.429,45.526],[189.5,46.975],[189.5,78.259],[189.429,79.606]],"c":true},"ix":1},"o":{"a":0,"k":100,"ix":3},"x":{"a":0,"k":0,"ix":4},"nm":"Mask 43"},{"inv":false,"mode":"a","pt":{"a":0,"k":{"i":[[0,0],[0,0.765],[0,0],[-0.111,-0.037],[0,0],[0,-0.779],[0,0],[0.115,0.052]],"o":[[-0.111,-0.05],[0,0],[0,-0.766],[0,0],[0.115,0.038],[0,0],[0,0.779],[0,0]],"v":[[185.046,118.893],[184.5,117.416],[184.5,86.677],[185.046,85.358],[189.429,86.852],[189.5,88.331],[189.5,119.615],[189.429,120.932]],"c":true},"ix":1},"o":{"a":0,"k":100,"ix":3},"x":{"a":0,"k":0,"ix":4},"nm":"Mask 44"},{"inv":false,"mode":"a","pt":{"a":0,"k":{"i":[[0,0],[0,0.765],[0,0],[-0.111,-0.052],[0,0],[0,-0.779],[0,0],[0.115,0.068]],"o":[[-0.111,-0.066],[0,0],[0,-0.765],[0,0],[0.115,0.054],[0,0],[0,0.779],[0,0]],"v":[[185.046,158.325],[184.5,156.82],[184.5,126.081],[185.046,124.79],[189.429,126.925],[189.5,128.434],[189.5,159.717],[189.429,161.005]],"c":true},"ix":1},"o":{"a":0,"k":100,"ix":3},"x":{"a":0,"k":0,"ix":4},"nm":"Mask 45"},{"inv":false,"mode":"a","pt":{"a":0,"k":{"i":[[0.115,0.085],[0,0],[0,0.766],[0,0],[-0.111,-0.069],[0,0],[0,-0.779],[0,0]],"o":[[0,0],[-0.111,-0.082],[0,0],[0,-0.765],[0,0],[0.115,0.071],[0,0],[0,0.779]],"v":[[189.601,202.101],[184.891,198.764],[184.5,197.231],[184.5,166.492],[185.046,165.229],[189.429,168.021],[189.5,169.56],[189.5,200.844]],"c":true},"ix":1},"o":{"a":0,"k":100,"ix":3},"x":{"a":0,"k":0,"ix":4},"nm":"Mask 46"},{"inv":false,"mode":"a","pt":{"a":0,"k":{"i":[[0.115,0.101],[0,0],[0,0.765],[0,0],[-0.111,-0.084],[0,0],[0,-0.779],[0,0]],"o":[[0,0],[-0.111,-0.097],[0,0],[0,-0.765],[0,0],[0.115,0.087],[0,0],[0,0.779]],"v":[[189.601,242.195],[184.891,238.217],[184.5,236.656],[184.5,205.916],[185.046,204.682],[189.429,208.115],[189.5,209.683],[189.5,240.967]],"c":true},"ix":1},"o":{"a":0,"k":100,"ix":3},"x":{"a":0,"k":0,"ix":4},"nm":"Mask 47"},{"inv":false,"mode":"a","pt":{"a":0,"k":{"i":[[0.115,0.118],[0,0],[0,0.766],[0,0],[-0.111,-0.1],[0,0],[0,-0.779],[0,0]],"o":[[0,0],[-0.111,-0.114],[0,0],[0,-0.765],[0,0],[0.115,0.104],[0,0],[0,0.779]],"v":[[189.601,283.542],[184.891,278.904],[184.5,277.312],[184.5,246.573],[185.046,245.368],[189.429,249.463],[189.5,251.061],[189.5,282.345]],"c":true},"ix":1},"o":{"a":0,"k":100,"ix":3},"x":{"a":0,"k":0,"ix":4},"nm":"Mask 48"},{"inv":false,"mode":"a","pt":{"a":0,"k":{"i":[[0.331,0.339],[0,0],[0,2.17],[0,0],[-0.321,-0.267],[0,0],[0,-2.209],[0,0]],"o":[[0,0],[-0.321,-0.33],[0,0],[0,-2.17],[0,0],[0.331,0.275],[0,0],[0,2.209]],"v":[[195.174,289.225],[191.15,285.167],[190.5,280.641],[190.5,233.72],[191.287,230.275],[195.071,233.57],[195.5,238.07],[195.5,285.84]],"c":true},"ix":1},"o":{"a":0,"k":100,"ix":3},"x":{"a":0,"k":0,"ix":4},"nm":"Mask 49"},{"inv":false,"mode":"a","pt":{"a":0,"k":{"i":[[0.172,0.176],[0,0],[0,1.101],[0,0],[-0.166,-0.132],[0,0],[0,-1.121],[0,0]],"o":[[0,0],[-0.166,-0.17],[0,0],[0,-1.101],[0,0],[0.172,0.137],[0,0],[0,1.121]],"v":[[201.553,295.867],[196.805,290.999],[196.5,288.698],[196.5,226.183],[196.987,224.429],[201.459,228.208],[201.5,230.486],[201.5,294.156]],"c":true},"ix":1},"o":{"a":0,"k":100,"ix":3},"x":{"a":0,"k":0,"ix":4},"nm":"Mask 50"},{"inv":false,"mode":"a","pt":{"a":0,"k":{"i":[[0.207,0.213],[0,0],[0,1.299],[0,0],[-0.2,-0.144],[0,0],[0,-1.323],[0,0]],"o":[[0,0],[-0.2,-0.206],[0,0],[0,-1.299],[0,0],[0.207,0.149],[0,0],[0,1.323]],"v":[[208.215,303.136],[203.113,298.145],[202.5,295.421],[202.5,209.466],[203.158,207.375],[208.067,210.88],[208.5,213.547],[208.5,301.126]],"c":true},"ix":1},"o":{"a":0,"k":100,"ix":3},"x":{"a":0,"k":0,"ix":4},"nm":"Mask 51"},{"inv":false,"mode":"a","pt":{"a":0,"k":{"i":[[-0.139,-0.126],[0,0],[0,-0.903],[0,0],[0.145,0.149],[0,0],[0,0.884],[0,0]],"o":[[0,0],[0.145,0.131],[0,0],[0,0.904],[0,0],[-0.139,-0.143],[0,0],[0,-0.884]],"v":[[209.292,267.51],[215.307,273.022],[215.5,274.896],[215.5,308.871],[215.577,310.237],[209.122,303.992],[208.5,302.133],[208.5,268.883]],"c":true},"ix":1},"o":{"a":0,"k":100,"ix":3},"x":{"a":0,"k":0,"ix":4},"nm":"Mask 52"},{"inv":false,"mode":"a","pt":{"a":0,"k":{"i":[[-0.139,-0.105],[0,0],[0,-0.903],[0,0],[0.145,0.127],[0,0],[0,0.884],[0,0]],"o":[[0,0],[0.145,0.11],[0,0],[0,0.903],[0,0],[-0.139,-0.122],[0,0],[0,-0.884]],"v":[[209.292,223.071],[215.307,227.689],[215.5,229.525],[215.5,263.5],[215.577,264.904],[209.122,259.552],[208.5,257.73],[208.5,224.481]],"c":true},"ix":1},"o":{"a":0,"k":100,"ix":3},"x":{"a":0,"k":0,"ix":4},"nm":"Mask 53"},{"inv":false,"mode":"a","pt":{"a":0,"k":{"i":[[0,0],[0,-0.904],[0,0],[0.145,0.107],[0,0],[0,0.885],[0,0],[-0.139,-0.086]],"o":[[0.145,0.089],[0,0],[0,0.904],[0,0],[-0.139,-0.102],[0,0],[0,-0.884],[0,0]],"v":[[215.577,183.725],[215.5,185.522],[215.5,219.497],[215.577,220.94],[209.122,216.454],[208.5,214.667],[208.5,181.418],[209.122,179.972]],"c":true},"ix":1},"o":{"a":0,"k":100,"ix":3},"x":{"a":0,"k":0,"ix":4},"nm":"Mask 54"},{"inv":false,"mode":"a","pt":{"a":0,"k":{"i":[[0,0],[0,-1.031],[0,0],[0.166,0.098],[0,0],[0,1.01],[0,0],[-0.159,-0.069]],"o":[[0.166,0.072],[0,0],[0,1.032],[0,0],[-0.159,-0.094],[0,0],[0,-1.01],[0,0]],"v":[[215.54,128.068],[215.5,130.067],[215.5,174.898],[215.54,176.588],[209.158,173.019],[208.5,171.021],[208.5,127.147],[209.158,125.445]],"c":true},"ix":1},"o":{"a":0,"k":100,"ix":3},"x":{"a":0,"k":0,"ix":4},"nm":"Mask 55"},{"inv":false,"mode":"a","pt":{"a":0,"k":{"i":[[0,0],[0,-0.83],[0,0],[0.13,0.072],[0,0],[0,0.815],[0,0],[-0.125,-0.055]],"o":[[0.13,0.057],[0,0],[0,0.83],[0,0],[-0.125,-0.07],[0,0],[0,-0.815],[0,0]],"v":[[208.354,124.823],[208.5,126.429],[208.5,159.766],[208.354,161.138],[202.978,158.283],[202.5,156.681],[202.5,123.963],[202.978,122.586]],"c":true},"ix":1},"o":{"a":0,"k":100,"ix":3},"x":{"a":0,"k":0,"ix":4},"nm":"Mask 56"},{"inv":false,"mode":"a","pt":{"a":0,"k":{"i":[[0,-2.169],[0,0],[0.347,0.143],[0,0],[0,2.123],[0,0],[-0.334,0.094],[0,0]],"o":[[0,0],[0,2.169],[0,0],[-0.335,-0.138],[0,0],[0,-2.123],[0,0],[0.347,-0.098]],"v":[[215.5,-89.711],[215.5,117.151],[215.21,120.818],[209.476,118.601],[208.5,114.507],[208.5,-87.937],[209.645,-91.951],[214.94,-93.461]],"c":true},"ix":1},"o":{"a":0,"k":100,"ix":3},"x":{"a":0,"k":0,"ix":4},"nm":"Mask 57"},{"inv":false,"mode":"a","pt":{"a":0,"k":{"i":[[0,0.815],[0,0],[-0.125,0.053],[0,0],[0,-0.83],[0,0],[0.13,-0.04],[0,0]],"o":[[0,0],[0,-0.815],[0,0],[0.13,-0.055],[0,0],[0,0.83],[0,0],[-0.125,0.038]],"v":[[202.5,-98.247],[202.5,-130.966],[203.023,-132.538],[208.207,-134.717],[208.5,-133.314],[208.5,-99.978],[208.354,-98.403],[202.978,-96.841]],"c":true},"ix":1},"o":{"a":0,"k":100,"ix":3},"x":{"a":0,"k":0,"ix":4},"nm":"Mask 58"},{"inv":false,"mode":"a","pt":{"a":0,"k":{"i":[[0,-1.032],[0,0],[0.166,-0.049],[0,0],[0,1.009],[0,0],[-0.159,0.073],[0,0]],"o":[[0,0],[0,1.031],[0,0],[-0.159,0.048],[0,0],[0,-1.01],[0,0],[0.166,-0.075]],"v":[[215.5,-145.723],[215.5,-100.892],[215.54,-98.935],[209.158,-97.138],[208.5,-98.879],[208.5,-142.753],[209.327,-144.712],[215.27,-147.455]],"c":true},"ix":1},"o":{"a":0,"k":100,"ix":3},"x":{"a":0,"k":0,"ix":4},"nm":"Mask 59"},{"inv":false,"mode":"a","pt":{"a":0,"k":{"i":[[0,-0.898],[0,0],[0.144,-0.07],[0,0],[0,0.878],[0,0],[-0.138,0.083],[0,0]],"o":[[0,0],[0,0.897],[0,0],[-0.138,0.067],[0,0],[0,-0.878],[0,0],[0.144,-0.087]],"v":[[215.5,-191.11],[215.5,-157.615],[215.579,-155.864],[209.12,-152.921],[208.5,-154.39],[208.5,-187.17],[209.29,-188.911],[215.309,-192.578]],"c":true},"ix":1},"o":{"a":0,"k":100,"ix":3},"x":{"a":0,"k":0,"ix":4},"nm":"Mask 60"},{"inv":false,"mode":"a","pt":{"a":0,"k":{"i":[[0,-3.304],[0,0],[0.528,-0.329],[0,0],[0,3.267],[0,0],[-0.521,0.389],[0,0]],"o":[[0,0],[0,3.304],[0,0],[-0.521,0.325],[0,0],[0,-3.267],[0,0],[0.528,-0.394]],"v":[[215.5,-231.243],[215.5,-205.262],[214.933,-198.683],[213.419,-197.725],[212.5,-203.053],[212.5,-228.744],[213.614,-235.363],[214.847,-236.51]],"c":true},"ix":1},"o":{"a":0,"k":100,"ix":3},"x":{"a":0,"k":0,"ix":4},"nm":"Mask 61"},{"inv":false,"mode":"a","pt":{"a":0,"k":{"i":[[0,0],[0,3.226],[0,0],[-0.508,0.452],[0,0],[0,-3.262],[0,0],[0.515,-0.396]],"o":[[-0.508,0.39],[0,0],[0,-3.227],[0,0],[0.515,-0.459],[0,0],[0,3.262],[0,0]],"v":[[209.709,-238.979],[208.5,-244.116],[208.5,-269.492],[209.709,-276.152],[210.887,-277.487],[211.5,-272.411],[211.5,-246.754],[210.887,-240.13]],"c":true},"ix":1},"o":{"a":0,"k":100,"ix":3},"x":{"a":0,"k":0,"ix":4},"nm":"Mask 62"},{"inv":false,"mode":"a","pt":{"a":0,"k":{"i":[[0,-3.304],[0,0],[0.528,-0.405],[0,0],[0,3.267],[0,0],[-0.521,0.464],[0,0]],"o":[[0,0],[0,3.303],[0,0],[-0.521,0.4],[0,0],[0,-3.267],[0,0],[0.528,-0.47]],"v":[[215.5,-275.762],[215.5,-249.781],[214.933,-243.065],[213.419,-241.885],[212.5,-247.077],[212.5,-272.769],[213.614,-279.523],[214.847,-280.891]],"c":true},"ix":1},"o":{"a":0,"k":100,"ix":3},"x":{"a":0,"k":0,"ix":4},"nm":"Mask 63"},{"inv":false,"mode":"a","pt":{"a":0,"k":{"i":[[0,-3.304],[0,0],[0.528,-0.481],[0,0],[0,3.267],[0,0],[-0.521,0.539],[0,0]],"o":[[0,0],[0,3.303],[0,0],[-0.521,0.475],[0,0],[0,-3.267],[0,0],[0.528,-0.546]],"v":[[215.5,-320.281],[215.5,-294.3],[214.933,-287.446],[213.419,-286.045],[212.5,-291.101],[212.5,-316.793],[213.614,-323.682],[214.847,-325.272]],"c":true},"ix":1},"o":{"a":0,"k":100,"ix":3},"x":{"a":0,"k":0,"ix":4},"nm":"Mask 64"},{"inv":false,"mode":"a","pt":{"a":0,"k":{"i":[[-0.111,-0.002],[0,0],[0,0.779],[0,0],[0.115,-0.012],[0,0],[0,-0.765],[0,0]],"o":[[0,0],[0.115,0.002],[0,0],[0,-0.779],[0,0],[-0.111,0.011],[0,0],[0,0.765]],"v":[[185.046,-1.46],[189.429,-1.375],[189.5,-2.782],[189.5,-34.066],[189.429,-35.455],[185.046,-34.995],[184.5,-33.589],[184.5,-2.849]],"c":true},"ix":1},"o":{"a":0,"k":100,"ix":3},"x":{"a":0,"k":0,"ix":4},"nm":"Mask 65"},{"inv":false,"mode":"a","pt":{"a":0,"k":{"i":[[-0.111,-0.018],[0,0],[0,0.779],[0,0],[0.115,0.005],[0,0],[0,-0.766],[0,0]],"o":[[0,0],[0.115,0.018],[0,0],[0,-0.779],[0,0],[-0.111,-0.005],[0,0],[0,0.766]],"v":[[185.046,39.144],[189.429,39.888],[189.5,38.511],[189.5,7.228],[189.429,5.808],[185.046,5.609],[184.5,6.986],[184.5,37.725]],"c":true},"ix":1},"o":{"a":0,"k":100,"ix":3},"x":{"a":0,"k":0,"ix":4},"nm":"Mask 66"},{"inv":false,"mode":"a","pt":{"a":0,"k":{"i":[[-0.111,-0.034],[0,0],[0,0.779],[0,0],[0.115,0.021],[0,0],[0,-0.766],[0,0]],"o":[[0,0],[0.115,0.035],[0,0],[0,-0.779],[0,0],[-0.111,-0.021],[0,0],[0,0.766]],"v":[[185.046,78.227],[189.429,79.606],[189.5,78.259],[189.5,46.975],[189.429,45.526],[185.046,44.692],[184.5,46.041],[184.5,76.78]],"c":true},"ix":1},"o":{"a":0,"k":100,"ix":3},"x":{"a":0,"k":0,"ix":4},"nm":"Mask 67"},{"inv":false,"mode":"a","pt":{"a":0,"k":{"i":[[-0.111,-0.05],[0,0],[0,0.779],[0,0],[0.115,0.038],[0,0],[0,-0.766],[0,0]],"o":[[0,0],[0.115,0.052],[0,0],[0,-0.779],[0,0],[-0.111,-0.037],[0,0],[0,0.765]],"v":[[185.046,118.893],[189.429,120.932],[189.5,119.615],[189.5,88.331],[189.429,86.852],[185.046,85.358],[184.5,86.677],[184.5,117.416]],"c":true},"ix":1},"o":{"a":0,"k":100,"ix":3},"x":{"a":0,"k":0,"ix":4},"nm":"Mask 68"},{"inv":false,"mode":"a","pt":{"a":0,"k":{"i":[[-0.115,0.022],[0,0],[0,0.795],[0,0],[0.119,-0.038],[0,0],[0,-0.781],[0,0]],"o":[[0,0],[0.119,-0.023],[0,0],[0,-0.795],[0,0],[-0.115,0.036],[0,0],[0,0.781]],"v":[[190.915,-62.507],[195.454,-63.433],[195.5,-64.916],[195.5,-96.855],[195.454,-98.227],[190.915,-96.733],[190.5,-95.252],[190.5,-63.88]],"c":true},"ix":1},"o":{"a":0,"k":100,"ix":3},"x":{"a":0,"k":0,"ix":4},"nm":"Mask 69"},{"inv":false,"mode":"a","pt":{"a":0,"k":{"i":[[-0.111,-0.066],[0,0],[0,0.779],[0,0],[0.115,0.054],[0,0],[0,-0.765],[0,0]],"o":[[0,0],[0.115,0.068],[0,0],[0,-0.779],[0,0],[-0.111,-0.052],[0,0],[0,0.765]],"v":[[185.046,158.325],[189.429,161.005],[189.5,159.717],[189.5,128.434],[189.429,126.925],[185.046,124.79],[184.5,126.081],[184.5,156.82]],"c":true},"ix":1},"o":{"a":0,"k":100,"ix":3},"x":{"a":0,"k":0,"ix":4},"nm":"Mask 70"},{"inv":false,"mode":"a","pt":{"a":0,"k":{"i":[[-0.115,0.006],[0,0],[0,0.795],[0,0],[0.119,-0.021],[0,0],[0,-0.781],[0,0]],"o":[[0,0],[0.119,-0.006],[0,0],[0,-0.795],[0,0],[-0.115,0.02],[0,0],[0,0.781]],"v":[[190.915,-21.234],[195.454,-21.476],[195.5,-22.927],[195.5,-54.867],[195.454,-56.27],[190.915,-55.46],[190.5,-54.01],[190.5,-22.638]],"c":true},"ix":1},"o":{"a":0,"k":100,"ix":3},"x":{"a":0,"k":0,"ix":4},"nm":"Mask 71"},{"inv":false,"mode":"a","pt":{"a":0,"k":{"i":[[-0.308,0.259],[0,0],[0,2.164],[0,0],[0.317,-0.328],[0,0],[0,-2.126],[0,0]],"o":[[0,0],[0.317,-0.267],[0,0],[0,-2.163],[0,0],[-0.308,0.318],[0,0],[0,2.126]],"v":[[185.248,-240.615],[189.234,-243.802],[189.5,-248.204],[189.5,-294.994],[189.061,-298.318],[185.403,-294.398],[184.5,-289.972],[184.5,-243.997]],"c":true},"ix":1},"o":{"a":0,"k":100,"ix":3},"x":{"a":0,"k":0,"ix":4},"nm":"Mask 72"},{"inv":false,"mode":"a","pt":{"a":0,"k":{"i":[[0,0],[0.115,0.087],[0,0],[0,-0.765],[0,0],[-0.111,-0.097],[0,0],[0,0.779]],"o":[[0,-0.779],[0,0],[-0.111,-0.084],[0,0],[0,0.765],[0,0],[0.114,0.101],[0,0]],"v":[[189.5,209.683],[189.429,208.115],[185.046,204.682],[184.5,205.916],[184.5,236.656],[184.891,238.217],[189.602,242.195],[189.5,240.967]],"c":true},"ix":1},"o":{"a":0,"k":100,"ix":3},"x":{"a":0,"k":0,"ix":4},"nm":"Mask 73"},{"inv":false,"mode":"a","pt":{"a":0,"k":{"i":[[0,0],[0.115,-0.045],[0,0],[0,-0.765],[0,0],[-0.111,0.03],[0,0],[0,0.779]],"o":[[0,-0.779],[0,0],[-0.111,0.043],[0,0],[0,0.766],[0,0],[0.114,-0.03],[0,0]],"v":[[189.5,-115.4],[189.429,-116.729],[185.046,-114.97],[184.5,-113.505],[184.5,-82.767],[184.891,-81.434],[189.602,-82.65],[189.5,-84.116]],"c":true},"ix":1},"o":{"a":0,"k":100,"ix":3},"x":{"a":0,"k":0,"ix":4},"nm":"Mask 74"},{"inv":false,"mode":"a","pt":{"a":0,"k":{"i":[[0,0],[0.115,-0.061],[0,0],[0,-0.765],[0,0],[-0.111,0.046],[0,0],[0,0.779]],"o":[[0,-0.779],[0,0],[-0.111,0.059],[0,0],[0,0.765],[0,0],[0.114,-0.047],[0,0]],"v":[[189.5,-156.526],[189.429,-157.826],[185.046,-155.409],[184.5,-153.916],[184.5,-123.177],[184.891,-121.874],[189.602,-123.746],[189.5,-125.242]],"c":true},"ix":1},"o":{"a":0,"k":100,"ix":3},"x":{"a":0,"k":0,"ix":4},"nm":"Mask 75"},{"inv":false,"mode":"a","pt":{"a":0,"k":{"i":[[0,0],[0.115,-0.078],[0,0],[0,-0.766],[0,0],[-0.111,0.062],[0,0],[0,0.779]],"o":[[0,-0.779],[0,0],[-0.111,0.075],[0,0],[0,0.765],[0,0],[0.114,-0.064],[0,0]],"v":[[189.5,-197.235],[189.429,-198.505],[185.046,-195.437],[184.5,-193.915],[184.5,-163.176],[184.891,-161.902],[189.602,-164.425],[189.5,-165.951]],"c":true},"ix":1},"o":{"a":0,"k":100,"ix":3},"x":{"a":0,"k":0,"ix":4},"nm":"Mask 76"},{"inv":false,"mode":"a","pt":{"a":0,"k":{"i":[[0,0],[0.115,0.104],[0,0],[0,-0.765],[0,0],[-0.111,-0.114],[0,0],[0,0.779]],"o":[[0,-0.779],[0,0],[-0.111,-0.1],[0,0],[0,0.766],[0,0],[0.114,0.118],[0,0]],"v":[[189.5,251.061],[189.429,249.463],[185.046,245.368],[184.5,246.573],[184.5,277.312],[184.891,278.904],[189.602,283.542],[189.5,282.345]],"c":true},"ix":1},"o":{"a":0,"k":100,"ix":3},"x":{"a":0,"k":0,"ix":4},"nm":"Mask 77"},{"inv":false,"mode":"a","pt":{"a":0,"k":{"i":[[-0.115,0.055],[0,0],[0,0.795],[0,0],[0.119,-0.072],[0,0],[0,-0.781],[0,0]],"o":[[0,0],[0.119,-0.058],[0,0],[0,-0.795],[0,0],[-0.115,0.069],[0,0],[0,0.781]],"v":[[190.915,-143.374],[195.454,-145.641],[195.5,-147.186],[195.5,-179.125],[195.454,-180.435],[190.915,-177.599],[190.5,-176.059],[190.5,-144.688]],"c":true},"ix":1},"o":{"a":0,"k":100,"ix":3},"x":{"a":0,"k":0,"ix":4},"nm":"Mask 78"},{"inv":false,"mode":"a","pt":{"a":0,"k":{"i":[[0,0],[0.115,-0.028],[0,0],[0,-0.765],[0,0],[-0.111,0.014],[0,0],[0,0.779]],"o":[[0,-0.779],[0,0],[-0.111,0.027],[0,0],[0,0.766],[0,0],[0.114,-0.014],[0,0]],"v":[[189.5,-74.19],[189.429,-75.55],[185.046,-74.448],[184.5,-73.013],[184.5,-42.274],[184.891,-40.913],[189.602,-41.47],[189.5,-42.906]],"c":true},"ix":1},"o":{"a":0,"k":100,"ix":3},"x":{"a":0,"k":0,"ix":4},"nm":"Mask 79"},{"inv":false,"mode":"a","pt":{"a":0,"k":{"i":[[0,0],[0.115,0.071],[0,0],[0,-0.765],[0,0],[-0.111,-0.081],[0,0],[0,0.779]],"o":[[0,-0.779],[0,0],[-0.111,-0.069],[0,0],[0,0.766],[0,0],[0.114,0.085],[0,0]],"v":[[189.5,169.56],[189.429,168.021],[185.046,165.229],[184.5,166.492],[184.5,197.231],[184.891,198.764],[189.602,202.101],[189.5,200.844]],"c":true},"ix":1},"o":{"a":0,"k":100,"ix":3},"x":{"a":0,"k":0,"ix":4},"nm":"Mask 80"},{"inv":false,"mode":"a","pt":{"a":0,"k":{"i":[[0,0],[0.115,-0.094],[0,0],[0,-0.766],[0,0],[-0.111,0.077],[0,0],[0,0.779]],"o":[[0,-0.779],[0,0],[-0.111,0.091],[0,0],[0,0.766],[0,0],[0.114,-0.08],[0,0]],"v":[[189.5,-236.355],[189.429,-237.596],[185.046,-233.904],[184.5,-232.354],[184.5,-201.616],[184.891,-200.369],[189.602,-203.516],[189.5,-205.071]],"c":true},"ix":1},"o":{"a":0,"k":100,"ix":3},"x":{"a":0,"k":0,"ix":4},"nm":"Mask 81"},{"inv":false,"mode":"a","pt":{"a":0,"k":{"i":[[-0.199,0.146],[0,0],[0,1.314],[0,0],[-0.508,0.39],[0,0],[0,3.262],[0,0],[0.515,-0.459],[0,0],[0,-3.227],[0,0],[0.205,-0.213],[0,0],[0,-1.29],[0,0]],"o":[[0,0],[0.205,-0.15],[0,0],[0,3.226],[0,0],[0.515,-0.396],[0,0],[0,-3.262],[0,0],[-0.508,0.452],[0,0],[0,-1.314],[0,0],[-0.199,0.206],[0,0],[0,1.29]],"v":[[203.11,-223.669],[208.218,-227.227],[208.5,-229.88],[208.5,-244.116],[209.709,-238.979],[210.887,-240.13],[211.5,-246.754],[211.5,-272.411],[210.887,-277.487],[209.709,-276.152],[208.5,-269.492],[208.5,-316.2],[208.218,-318.194],[203.11,-313.169],[202.5,-310.461],[202.5,-225.742]],"c":true},"ix":1},"o":{"a":0,"k":100,"ix":3},"x":{"a":0,"k":0,"ix":4},"nm":"Mask 82"},{"inv":false,"mode":"a","pt":{"a":0,"k":{"i":[[-0.125,0.038],[0,0],[0,0.83],[0,0],[-0.159,0.048],[0,0],[0,1.031],[0,0],[0.166,-0.075],[0,0],[0,-1.01],[0,0],[0.13,-0.055],[0,0],[0,-0.815],[0,0]],"o":[[0,0],[0.13,-0.04],[0,0],[0,1.009],[0,0],[0.166,-0.049],[0,0],[0,-1.032],[0,0],[-0.159,0.073],[0,0],[0,-0.83],[0,0],[-0.125,0.053],[0,0],[0,0.815]],"v":[[202.978,-96.841],[208.354,-98.403],[208.5,-99.978],[208.5,-98.879],[209.158,-97.138],[215.54,-98.935],[215.5,-100.892],[215.5,-145.723],[215.27,-147.455],[209.327,-144.712],[208.5,-142.753],[208.5,-133.314],[208.207,-134.717],[203.023,-132.538],[202.5,-130.966],[202.5,-98.247]],"c":true},"ix":1},"o":{"a":0,"k":100,"ix":3},"x":{"a":0,"k":0,"ix":4},"nm":"Mask 83"},{"inv":false,"mode":"a","pt":{"a":0,"k":{"i":[[-0.521,0.4],[0,0],[0,3.303],[0,0],[0.528,-0.47],[0,0],[0,-3.267],[0,0]],"o":[[0,0],[0.528,-0.405],[0,0],[0,-3.304],[0,0],[-0.521,0.464],[0,0],[0,3.267]],"v":[[213.419,-241.885],[214.933,-243.065],[215.5,-249.781],[215.5,-275.762],[214.847,-280.891],[213.614,-279.523],[212.5,-272.769],[212.5,-247.077]],"c":true},"ix":1},"o":{"a":0,"k":100,"ix":3},"x":{"a":0,"k":0,"ix":4},"nm":"Mask 84"},{"inv":false,"mode":"a","pt":{"a":0,"k":{"i":[[-0.521,0.325],[0,0],[0,3.304],[0,0],[0.528,-0.394],[0,0],[0,-3.267],[0,0]],"o":[[0,0],[0.528,-0.329],[0,0],[0,-3.304],[0,0],[-0.521,0.389],[0,0],[0,3.267]],"v":[[213.419,-197.725],[214.933,-198.683],[215.5,-205.262],[215.5,-231.243],[214.847,-236.51],[213.614,-235.363],[212.5,-228.744],[212.5,-203.053]],"c":true},"ix":1},"o":{"a":0,"k":100,"ix":3},"x":{"a":0,"k":0,"ix":4},"nm":"Mask 85"},{"inv":false,"mode":"a","pt":{"a":0,"k":{"i":[[-0.521,0.475],[0,0],[0,3.303],[0,0],[0.528,-0.546],[0,0],[0,-3.267],[0,0]],"o":[[0,0],[0.528,-0.481],[0,0],[0,-3.304],[0,0],[-0.521,0.539],[0,0],[0,3.267]],"v":[[213.419,-286.045],[214.933,-287.446],[215.5,-294.3],[215.5,-320.281],[214.847,-325.272],[213.614,-323.682],[212.5,-316.793],[212.5,-291.101]],"c":true},"ix":1},"o":{"a":0,"k":100,"ix":3},"x":{"a":0,"k":0,"ix":4},"nm":"Mask 86"},{"inv":false,"mode":"a","pt":{"a":0,"k":{"i":[[-0.125,-0.052],[0,0],[0,0.83],[0,0],[-0.335,-0.138],[0,0],[0,2.169],[0,0],[0.347,-0.098],[0,0],[0,-2.123],[0,0],[0.13,-0.037],[0,0],[0,-0.815],[0,0],[-0.125,0.02],[0,0],[0,0.83],[0,0],[0.13,-0.018],[0,0],[0,-0.815],[0,0],[-0.125,0.002],[0,0],[0,0.83],[0,0],[0.13,0],[0,0],[0,-0.815],[0,0],[-0.125,-0.016],[0,0],[0,0.83],[0,0],[0.13,0.019],[0,0],[0,-0.815],[0,0],[-0.125,-0.034],[0,0],[0,0.83],[0,0],[0.13,0.038],[0,0],[0,-0.815],[0,0]],"o":[[0,0],[0.13,0.054],[0,0],[0,2.123],[0,0],[0.347,0.143],[0,0],[0,-2.169],[0,0],[-0.334,0.094],[0,0],[0,-0.83],[0,0],[-0.125,0.035],[0,0],[0,0.815],[0,0],[0.13,-0.021],[0,0],[0,-0.83],[0,0],[-0.125,0.017],[0,0],[0,0.815],[0,0],[0.13,-0.002],[0,0],[0,-0.83],[0,0],[-0.125,-0.001],[0,0],[0,0.814],[0,0],[0.13,0.016],[0,0],[0,-0.83],[0,0],[-0.125,-0.019],[0,0],[0,0.815],[0,0],[0.13,0.035],[0,0],[0,-0.83],[0,0],[-0.125,-0.037],[0,0],[0,0.815]],"v":[[203.023,115.762],[208.207,117.881],[208.5,116.475],[208.5,114.507],[209.476,118.601],[215.21,120.818],[215.5,117.151],[215.5,-89.711],[214.94,-93.461],[209.645,-91.951],[208.5,-87.937],[208.5,-90.024],[208.207,-91.461],[203.023,-90.017],[202.5,-88.478],[202.5,-55.759],[202.978,-54.321],[208.354,-55.146],[208.5,-56.687],[208.5,-46.733],[208.207,-48.204],[203.023,-47.496],[202.5,-45.99],[202.5,-13.271],[202.978,-11.8],[208.354,-11.889],[208.5,-13.397],[208.5,-3.443],[208.207,-4.947],[203.023,-4.975],[202.5,-3.502],[202.5,29.217],[203.023,30.721],[208.207,31.368],[208.5,29.894],[208.5,39.848],[208.207,38.31],[203.023,37.545],[202.5,38.987],[202.5,71.705],[203.023,73.241],[208.207,74.624],[208.5,73.185],[208.5,83.139],[208.207,81.567],[203.023,80.066],[202.5,81.475],[202.5,114.193]],"c":true},"ix":1},"o":{"a":0,"k":100,"ix":3},"x":{"a":0,"k":0,"ix":4},"nm":"Mask 87"},{"inv":false,"mode":"a","pt":{"a":0,"k":{"i":[[-0.12,-0.058],[0,0],[0,0.812],[0,0],[0.125,0.046],[0,0],[0,-0.798],[0,0]],"o":[[0,0],[0.125,0.06],[0,0],[0,-0.812],[0,0],[-0.12,-0.044],[0,0],[0,0.798]],"v":[[196.904,134.173],[201.545,136.558],[201.5,135.196],[201.5,102.574],[201.545,101.02],[196.904,99.227],[196.5,100.592],[196.5,132.622]],"c":true},"ix":1},"o":{"a":0,"k":100,"ix":3},"x":{"a":0,"k":0,"ix":4},"nm":"Mask 88"},{"inv":false,"mode":"a","pt":{"a":0,"k":{"i":[[-0.165,0.133],[0,0],[0,1.115],[0,0],[0.171,-0.177],[0,0],[0,-1.095],[0,0]],"o":[[0,0],[0.171,-0.138],[0,0],[0,-1.115],[0,0],[-0.165,0.171],[0,0],[0,1.095]],"v":[[196.804,-240.788],[201.554,-244.62],[201.5,-246.889],[201.5,-309.884],[201.554,-311.583],[196.804,-306.672],[196.5,-304.38],[196.5,-242.53]],"c":true},"ix":1},"o":{"a":0,"k":100,"ix":3},"x":{"a":0,"k":0,"ix":4},"nm":"Mask 89"},{"inv":false,"mode":"a","pt":{"a":0,"k":{"i":[[-0.115,0.072],[0,0],[0,0.795],[0,0],[0.119,-0.089],[0,0],[0,-0.781],[0,0]],"o":[[0,0],[0.119,-0.075],[0,0],[0,-0.795],[0,0],[-0.115,0.086],[0,0],[0,0.781]],"v":[[190.915,-185.149],[195.454,-188.11],[195.5,-189.686],[195.5,-221.625],[195.454,-222.904],[190.915,-219.375],[190.5,-217.804],[190.5,-186.433]],"c":true},"ix":1},"o":{"a":0,"k":100,"ix":3},"x":{"a":0,"k":0,"ix":4},"nm":"Mask 90"},{"inv":false,"mode":"a","pt":{"a":0,"k":{"i":[[0,0],[0.119,0.082],[0,0],[0,-0.781],[0,0],[-0.115,-0.093],[0,0],[0,0.795]],"o":[[0,-0.795],[0,0],[-0.115,-0.079],[0,0],[0,0.781],[0,0],[0.119,0.096],[0,0]],"v":[[195.5,193.308],[195.454,191.719],[190.915,188.483],[190.5,189.754],[190.5,221.126],[190.778,222.709],[195.557,226.513],[195.5,225.247]],"c":true},"ix":1},"o":{"a":0,"k":100,"ix":3},"x":{"a":0,"k":0,"ix":4},"nm":"Mask 91"},{"inv":false,"mode":"a","pt":{"a":0,"k":{"i":[[0,0],[0,-2.17],[0,0],[-0.321,-0.33],[0,0],[0,2.209],[0,0],[0.331,0.275]],"o":[[-0.321,-0.267],[0,0],[0,2.17],[0,0],[0.331,0.339],[0,0],[0,-2.209],[0,0]],"v":[[191.287,230.275],[190.5,233.72],[190.5,280.641],[191.15,285.167],[195.174,289.225],[195.5,285.84],[195.5,238.07],[195.071,233.57]],"c":true},"ix":1},"o":{"a":0,"k":100,"ix":3},"x":{"a":0,"k":0,"ix":4},"nm":"Mask 92"},{"inv":false,"mode":"a","pt":{"a":0,"k":{"i":[[0,0],[0.125,-0.026],[0,0],[0,-0.797],[0,0],[-0.12,0.01],[0,0],[0,0.812]],"o":[[0,-0.812],[0,0],[-0.12,0.025],[0,0],[0,0.798],[0,0],[0.124,-0.011],[0,0]],"v":[[201.5,-66.359],[201.545,-67.784],[196.904,-66.765],[196.5,-65.276],[196.5,-33.245],[196.723,-31.819],[201.638,-32.246],[201.5,-33.737]],"c":true},"ix":1},"o":{"a":0,"k":100,"ix":3},"x":{"a":0,"k":0,"ix":4},"nm":"Mask 93"},{"inv":false,"mode":"a","pt":{"a":0,"k":{"i":[[0,0],[0.125,-0.079],[0,0],[0,-0.798],[0,0],[-0.12,0.062],[0,0],[0,0.813]],"o":[[0,-0.813],[0,0],[-0.12,0.077],[0,0],[0,0.798],[0,0],[0.124,-0.065],[0,0]],"v":[[201.5,-193.19],[201.545,-194.517],[196.904,-191.388],[196.5,-189.805],[196.5,-157.774],[196.723,-156.442],[201.638,-158.979],[201.5,-160.567]],"c":true},"ix":1},"o":{"a":0,"k":100,"ix":3},"x":{"a":0,"k":0,"ix":4},"nm":"Mask 94"},{"inv":false,"mode":"a","pt":{"a":0,"k":{"i":[[0,0],[0.125,-0.043],[0,0],[0,-0.798],[0,0],[-0.12,0.028],[0,0],[0,0.812]],"o":[[0,-0.813],[0,0],[-0.12,0.042],[0,0],[0,0.798],[0,0],[0.124,-0.029],[0,0]],"v":[[201.5,-108.723],[201.545,-110.116],[196.904,-108.392],[196.5,-106.871],[196.5,-74.84],[196.723,-73.446],[201.638,-74.578],[201.5,-76.1]],"c":true},"ix":1},"o":{"a":0,"k":100,"ix":3},"x":{"a":0,"k":0,"ix":4},"nm":"Mask 95"},{"inv":false,"mode":"a","pt":{"a":0,"k":{"i":[[0,0],[0.125,-0.062],[0,0],[0,-0.798],[0,0],[-0.12,0.045],[0,0],[0,0.813]],"o":[[0,-0.813],[0,0],[-0.12,0.06],[0,0],[0,0.798],[0,0],[0.124,-0.047],[0,0]],"v":[[201.5,-151.087],[201.545,-152.447],[196.904,-150.018],[196.5,-148.466],[196.5,-116.435],[196.723,-115.072],[201.638,-116.909],[201.5,-118.465]],"c":true},"ix":1},"o":{"a":0,"k":100,"ix":3},"x":{"a":0,"k":0,"ix":4},"nm":"Mask 96"},{"inv":false,"mode":"a","pt":{"a":0,"k":{"i":[[0,0],[0.125,-0.097],[0,0],[0,-0.798],[0,0],[-0.12,0.079],[0,0],[0,0.813]],"o":[[0,-0.813],[0,0],[-0.12,0.094],[0,0],[0,0.798],[0,0],[0.124,-0.082],[0,0]],"v":[[201.5,-235.292],[201.545,-236.588],[196.904,-232.757],[196.5,-231.143],[196.5,-199.112],[196.723,-197.811],[201.638,-201.05],[201.5,-202.67]],"c":true},"ix":1},"o":{"a":0,"k":100,"ix":3},"x":{"a":0,"k":0,"ix":4},"nm":"Mask 97"},{"inv":false,"mode":"a","pt":{"a":0,"k":{"i":[[-0.125,0.056],[0,0],[0,0.83],[0,0],[-0.138,0.067],[0,0],[0,0.897],[0,0],[0.144,-0.087],[0,0],[0,-0.878],[0,0],[0.13,-0.092],[0,0],[0,-0.815],[0,0],[-0.125,0.074],[0,0],[0,0.83],[0,0],[0.13,-0.074],[0,0],[0,-0.815],[0,0]],"o":[[0,0],[0.13,-0.058],[0,0],[0,0.878],[0,0],[0.144,-0.07],[0,0],[0,-0.898],[0,0],[-0.138,0.083],[0,0],[0,-0.83],[0,0],[-0.125,0.089],[0,0],[0,0.815],[0,0],[0.13,-0.077],[0,0],[0,-0.83],[0,0],[-0.125,0.071],[0,0],[0,0.815]],"v":[[202.978,-139.362],[208.354,-141.66],[208.5,-143.268],[208.5,-154.39],[209.12,-152.921],[215.579,-155.864],[215.5,-157.615],[215.5,-191.11],[215.309,-192.578],[209.29,-188.911],[208.5,-187.17],[208.5,-219.472],[208.207,-220.808],[203.023,-217.163],[202.5,-215.527],[202.5,-182.808],[202.978,-181.467],[208.354,-184.494],[208.5,-186.136],[208.5,-176.605],[208.207,-177.974],[203.023,-175.058],[202.5,-173.454],[202.5,-140.736]],"c":true},"ix":1},"o":{"a":0,"k":100,"ix":3},"x":{"a":0,"k":0,"ix":4},"nm":"Mask 98"},{"inv":false,"mode":"a","pt":{"a":0,"k":{"i":[[0.145,0.089],[0,0],[0,-0.884],[0,0],[-0.159,-0.094],[0,0],[0,1.032],[0,0],[0.166,0.072],[0,0],[0,-1.01],[0,0],[0.13,0.057],[0,0],[0,-0.815],[0,0],[-0.125,-0.07],[0,0],[0,0.83],[0,0],[0.13,0.075],[0,0],[0,-0.815],[0,0],[-0.125,-0.088],[0,0],[0,0.83],[0,0],[0.207,0.149],[0,0],[0,-1.299],[0,0],[-0.2,-0.206],[0,0],[0,1.323],[0,0],[-0.139,-0.143],[0,0],[0,0.904],[0,0],[0.145,0.131],[0,0],[0,-0.884],[0,0],[-0.139,-0.122],[0,0],[0,0.903],[0,0],[0.145,0.11],[0,0],[0,-0.884],[0,0],[-0.139,-0.102],[0,0],[0,0.904],[0,0]],"o":[[0,0],[-0.139,-0.086],[0,0],[0,1.01],[0,0],[0.166,0.098],[0,0],[0,-1.031],[0,0],[-0.159,-0.069],[0,0],[0,-0.83],[0,0],[-0.125,-0.055],[0,0],[0,0.815],[0,0],[0.13,0.072],[0,0],[0,-0.83],[0,0],[-0.125,-0.073],[0,0],[0,0.815],[0,0],[0.13,0.091],[0,0],[0,-1.323],[0,0],[-0.2,-0.144],[0,0],[0,1.299],[0,0],[0.207,0.213],[0,0],[0,0.884],[0,0],[0.145,0.149],[0,0],[0,-0.903],[0,0],[-0.139,-0.126],[0,0],[0,0.884],[0,0],[0.145,0.127],[0,0],[0,-0.903],[0,0],[-0.139,-0.105],[0,0],[0,0.884],[0,0],[0.145,0.107],[0,0],[0,-0.904]],"v":[[215.577,183.725],[209.122,179.972],[208.5,181.418],[208.5,171.021],[209.158,173.019],[215.54,176.588],[215.5,174.898],[215.5,130.067],[215.54,128.068],[209.158,125.445],[208.5,127.147],[208.5,126.429],[208.354,124.823],[202.978,122.586],[202.5,123.963],[202.5,156.681],[202.978,158.283],[208.354,161.138],[208.5,159.766],[208.5,169.72],[208.207,168.08],[203.023,165.107],[202.5,166.451],[202.5,199.169],[202.978,200.803],[208.354,204.394],[208.5,203.056],[208.5,213.547],[208.067,210.88],[203.158,207.375],[202.5,209.466],[202.5,295.421],[203.113,298.145],[208.215,303.136],[208.5,301.126],[208.5,302.133],[209.122,303.992],[215.577,310.237],[215.5,308.871],[215.5,274.896],[215.307,273.022],[209.292,267.51],[208.5,268.883],[208.5,257.73],[209.122,259.552],[215.577,264.904],[215.5,263.5],[215.5,229.525],[215.307,227.689],[209.292,223.071],[208.5,224.481],[208.5,214.667],[209.122,216.454],[215.577,220.94],[215.5,219.497],[215.5,185.522]],"c":true},"ix":1},"o":{"a":0,"k":100,"ix":3},"x":{"a":0,"k":0,"ix":4},"nm":"Mask 99"},{"inv":false,"mode":"a","pt":{"a":0,"k":{"i":[[0,0],[0.119,-0.004],[0,0],[0,-0.781],[0,0],[-0.115,-0.01],[0,0],[0,0.795]],"o":[[0,-0.795],[0,0],[-0.115,0.004],[0,0],[0,0.781],[0,0],[0.119,0.01],[0,0]],"v":[[195.5,-14.415],[195.454,-15.848],[190.915,-15.698],[190.5,-14.276],[190.5,17.095],[190.778,18.528],[195.557,18.945],[195.5,17.524]],"c":true},"ix":1},"o":{"a":0,"k":100,"ix":3},"x":{"a":0,"k":0,"ix":4},"nm":"Mask 100"},{"inv":false,"mode":"a","pt":{"a":0,"k":{"i":[[0,0],[0.119,-0.106],[0,0],[0,-0.781],[0,0],[-0.115,0.089],[0,0],[0,0.795]],"o":[[0,-0.796],[0,0],[-0.115,0.103],[0,0],[0,0.781],[0,0],[0.119,-0.092],[0,0]],"v":[[195.5,-262.248],[195.454,-263.496],[190.915,-259.306],[190.5,-257.705],[190.5,-226.333],[190.778,-225.079],[195.557,-228.702],[195.5,-230.309]],"c":true},"ix":1},"o":{"a":0,"k":100,"ix":3},"x":{"a":0,"k":0,"ix":4},"nm":"Mask 101"},{"inv":false,"mode":"a","pt":{"a":0,"k":{"i":[[0,0],[0.119,-0.055],[0,0],[0,-0.781],[0,0],[-0.115,0.039],[0,0],[0,0.795]],"o":[[0,-0.795],[0,0],[-0.115,0.053],[0,0],[0,0.781],[0,0],[0.119,-0.04],[0,0]],"v":[[195.5,-138.332],[195.454,-139.672],[190.915,-137.501],[190.5,-135.991],[190.5,-104.619],[190.778,-103.276],[195.557,-104.879],[195.5,-106.392]],"c":true},"ix":1},"o":{"a":0,"k":100,"ix":3},"x":{"a":0,"k":0,"ix":4},"nm":"Mask 102"},{"inv":false,"mode":"a","pt":{"a":0,"k":{"i":[[0,0],[0.119,0.013],[0,0],[0,-0.781],[0,0],[-0.115,-0.027],[0,0],[0,0.795]],"o":[[0,-0.795],[0,0],[-0.115,-0.013],[0,0],[0,0.781],[0,0],[0.119,0.028],[0,0]],"v":[[195.5,26.976],[195.454,25.512],[190.915,24.987],[190.5,26.379],[190.5,57.75],[190.778,59.213],[195.557,60.305],[195.5,58.915]],"c":true},"ix":1},"o":{"a":0,"k":100,"ix":3},"x":{"a":0,"k":0,"ix":4},"nm":"Mask 103"},{"inv":false,"mode":"a","pt":{"a":0,"k":{"i":[[0,0],[0.119,0.065],[0,0],[0,-0.781],[0,0],[-0.115,-0.077],[0,0],[0,0.795]],"o":[[0,-0.795],[0,0],[-0.115,-0.063],[0,0],[0,0.781],[0,0],[0.119,0.079],[0,0]],"v":[[195.5,151.661],[195.454,150.104],[190.915,147.546],[190.5,148.847],[190.5,180.219],[190.778,181.772],[195.557,184.897],[195.5,183.6]],"c":true},"ix":1},"o":{"a":0,"k":100,"ix":3},"x":{"a":0,"k":0,"ix":4},"nm":"Mask 104"},{"inv":false,"mode":"a","pt":{"a":0,"k":{"i":[[0,0],[0.119,0.031],[0,0],[0,-0.781],[0,0],[-0.115,-0.044],[0,0],[0,0.795]],"o":[[0,-0.796],[0,0],[-0.115,-0.03],[0,0],[0,0.781],[0,0],[0.119,0.045],[0,0]],"v":[[195.5,68.623],[195.454,67.128],[190.915,65.924],[190.5,67.286],[190.5,98.657],[190.778,100.15],[195.557,101.921],[195.5,100.562]],"c":true},"ix":1},"o":{"a":0,"k":100,"ix":3},"x":{"a":0,"k":0,"ix":4},"nm":"Mask 105"},{"inv":false,"mode":"a","pt":{"a":0,"k":{"i":[[0,0],[0.119,0.048],[0,0],[0,-0.781],[0,0],[-0.115,-0.06],[0,0],[0,0.795]],"o":[[0,-0.795],[0,0],[-0.115,-0.046],[0,0],[0,0.781],[0,0],[0.119,0.062],[0,0]],"v":[[195.5,110.27],[195.454,108.744],[190.915,106.861],[190.5,108.192],[190.5,139.564],[190.778,141.087],[195.557,143.537],[195.5,142.209]],"c":true},"ix":1},"o":{"a":0,"k":100,"ix":3},"x":{"a":0,"k":0,"ix":4},"nm":"Mask 106"},{"inv":false,"mode":"a","pt":{"a":0,"k":{"i":[[0,0],[0.171,0.137],[0,0],[0,-1.101],[0,0],[-0.166,-0.17],[0,0],[0,1.121]],"o":[[0,-1.121],[0,0],[-0.166,-0.132],[0,0],[0,1.101],[0,0],[0.172,0.176],[0,0]],"v":[[201.5,230.486],[201.459,228.208],[196.987,224.429],[196.5,226.183],[196.5,288.698],[196.805,290.999],[201.553,295.867],[201.5,294.156]],"c":true},"ix":1},"o":{"a":0,"k":100,"ix":3},"x":{"a":0,"k":0,"ix":4},"nm":"Mask 107"},{"inv":false,"mode":"a","pt":{"a":0,"k":{"i":[[0,0],[0.119,-0.124],[0,0],[0,-0.781],[0,0],[-0.115,0.105],[0,0],[0,0.795]],"o":[[0,-0.795],[0,0],[-0.115,0.119],[0,0],[0,0.781],[0,0],[0.119,-0.109],[0,0]],"v":[[195.5,-304.066],[195.454,-305.283],[190.915,-300.41],[190.5,-298.78],[190.5,-267.408],[190.778,-266.184],[195.557,-270.489],[195.5,-272.127]],"c":true},"ix":1},"o":{"a":0,"k":100,"ix":3},"x":{"a":0,"k":0,"ix":4},"nm":"Mask 108"},{"inv":false,"mode":"a","pt":{"a":0,"k":{"i":[[0,0],[0.125,0.027],[0,0],[0,-0.798],[0,0],[-0.12,-0.041],[0,0],[0,0.813]],"o":[[0,-0.812],[0,0],[-0.12,-0.027],[0,0],[0,0.798],[0,0],[0.124,0.042],[0,0]],"v":[[201.5,59.817],[201.545,58.297],[196.904,57.215],[196.5,58.611],[196.5,90.642],[196.723,92.161],[201.638,93.834],[201.5,92.44]],"c":true},"ix":1},"o":{"a":0,"k":100,"ix":3},"x":{"a":0,"k":0,"ix":4},"nm":"Mask 109"},{"inv":false,"mode":"a","pt":{"a":0,"k":{"i":[[0,0],[0.125,0.009],[0,0],[0,-0.798],[0,0],[-0.12,-0.024],[0,0],[0,0.812]],"o":[[0,-0.812],[0,0],[-0.12,-0.009],[0,0],[0,0.798],[0,0],[0.124,0.024],[0,0]],"v":[[201.5,17.323],[201.545,15.834],[196.904,15.46],[196.5,16.888],[196.5,48.918],[196.723,50.406],[201.638,51.372],[201.5,49.945]],"c":true},"ix":1},"o":{"a":0,"k":100,"ix":3},"x":{"a":0,"k":0,"ix":4},"nm":"Mask 110"},{"inv":false,"mode":"a","pt":{"a":0,"k":{"i":[[0,0],[0.125,0.064],[0,0],[0,-0.798],[0,0],[-0.12,-0.076],[0,0],[0,0.812]],"o":[[0,-0.812],[0,0],[-0.12,-0.061],[0,0],[0,0.798],[0,0],[0.124,0.079],[0,0]],"v":[[201.5,145.33],[201.545,143.744],[196.904,141.239],[196.5,142.572],[196.5,174.603],[196.723,176.184],[201.638,179.281],[201.5,177.953]],"c":true},"ix":1},"o":{"a":0,"k":100,"ix":3},"x":{"a":0,"k":0,"ix":4},"nm":"Mask 111"},{"inv":false,"mode":"a","pt":{"a":0,"k":{"i":[[0,0],[0.125,-0.009],[0,0],[0,-0.798],[0,0],[-0.12,-0.006],[0,0],[0,0.812]],"o":[[0,-0.813],[0,0],[-0.12,0.008],[0,0],[0,0.798],[0,0],[0.124,0.006],[0,0]],"v":[[201.5,-25.434],[201.545,-26.889],[196.904,-26.552],[196.5,-25.093],[196.5,6.938],[196.723,8.394],[201.638,8.649],[201.5,7.189]],"c":true},"ix":1},"o":{"a":0,"k":100,"ix":3},"x":{"a":0,"k":0,"ix":4},"nm":"Mask 112"},{"inv":false,"mode":"a","pt":{"a":0,"k":{"i":[[0,0],[0.125,0.081],[0,0],[0,-0.798],[0,0],[-0.12,-0.093],[0,0],[0,0.812]],"o":[[0,-0.812],[0,0],[-0.12,-0.079],[0,0],[0,0.798],[0,0],[0.124,0.096],[0,0]],"v":[[201.5,188.086],[201.545,186.467],[196.904,183.25],[196.5,184.552],[196.5,216.583],[196.723,218.196],[201.638,222.005],[201.5,220.709]],"c":true},"ix":1},"o":{"a":0,"k":100,"ix":3},"x":{"a":0,"k":0,"ix":4},"nm":"Mask 113"}],"shapes":[{"ty":"gr","it":[{"ind":0,"ty":"sh","ix":1,"ks":{"a":0,"k":{"i":[[12,-13.436],[0,0],[0,0],[0,-10.192],[0,0],[-10.204,0],[0,0],[0,0],[0,17.364],[0,0]],"o":[[0,0],[0,0],[-10.204,0],[0,0],[0,10.195],[0,0],[0,0],[12,13.442],[0,0],[0,-17.358]],"v":[[260.695,-358.633],[203.016,-297.643],[-198.753,-297.643],[-217.625,-279.087],[-217.625,325.885],[-198.753,344.357],[203.016,344.357],[261.695,406.377],[288.375,390.713],[288.375,-345.936]],"c":true},"ix":2},"nm":"Path 1","mn":"ADBE Vector Shape - Group","hd":false},{"ty":"fl","c":{"a":0,"k":[0.9254901960784314,0.9411764705882353,0.9529411764705882,1],"ix":4},"o":{"a":0,"k":100,"ix":5},"r":1,"bm":0,"nm":"Fill 1","mn":"ADBE Vector Graphic - Fill","hd":false},{"ty":"tr","p":{"a":0,"k":[-35.375,-23.875],"ix":2},"a":{"a":0,"k":[0,0],"ix":1},"s":{"a":0,"k":[100,100],"ix":3},"r":{"a":0,"k":0,"ix":6},"o":{"a":0,"k":100,"ix":7},"sk":{"a":0,"k":0,"ix":4},"sa":{"a":0,"k":0,"ix":5},"nm":"Transform"}],"nm":"Rectangle 1","np":3,"cix":2,"bm":0,"ix":1,"mn":"ADBE Vector Group","hd":false}],"ip":0,"op":150.000006109625,"st":0,"bm":0},{"ddd":0,"ind":9,"ty":4,"nm":"Body","sr":1,"ks":{"o":{"a":0,"k":100,"ix":11},"r":{"a":1,"k":[{"i":{"x":[0.404],"y":[1]},"o":{"x":[0.919],"y":[0]},"t":24,"s":[0]},{"t":45.0000018328876,"s":[90]}],"ix":10},"p":{"a":0,"k":[75,75,0],"ix":2},"a":{"a":0,"k":[0,0,0],"ix":1},"s":{"a":1,"k":[{"i":{"x":[0.833,0.833,0.833],"y":[0.833,0.833,0.833]},"o":{"x":[0.167,0.167,0.167],"y":[0.167,0.167,0.167]},"t":0,"s":[0,0,100]},{"i":{"x":[0.833,0.833,0.833],"y":[1,1,1]},"o":{"x":[0.167,0.167,0.167],"y":[0,0,8.333]},"t":11,"s":[15,15,100]},{"i":{"x":[0.667,0.667,0.667],"y":[1,1,1]},"o":{"x":[0.33,0.33,0.33],"y":[0,0,0]},"t":59,"s":[15,15,100]},{"t":65.0000026475043,"s":[0,15,100]}],"ix":6}},"ao":0,"shapes":[{"ty":"gr","it":[{"ind":0,"ty":"sh","ix":1,"ks":{"a":1,"k":[{"i":{"x":0.833,"y":0.833},"o":{"x":0,"y":0},"t":1,"s":[{"i":[[0,0],[0,-41.563],[0,-20.275],[0,0],[0,0],[0,0],[0,41.563],[0,21.181],[0,0],[0,0]],"o":[[0,0],[0,21.287],[0,41.563],[0,0],[0,0],[0,0],[0,-20.381],[0,-41.563],[0,0],[0,0]],"v":[[139.194,-297.546],[184.49,-258.583],[184.49,306.333],[139.194,345.295],[31.984,345.295],[-68.444,345.295],[-113.74,306.333],[-113.74,-258.583],[-68.444,-297.546],[31.984,-297.546]],"c":true}]},{"i":{"x":0.833,"y":0.833},"o":{"x":0.167,"y":0.167},"t":8,"s":[{"i":[[0,0],[0,0],[-3.471,-21.909],[0,0],[0,0],[0,0],[-6.529,41.208],[0,0],[-39.396,0],[0,0]],"o":[[39.396,0],[0,0],[6.529,41.208],[0,0],[0,0],[0,0],[3.478,-21.952],[0,0],[0,0],[0,0]],"v":[[120.137,-193.967],[160.014,-176.704],[219.775,200.51],[174.407,240.033],[32.343,240.033],[-103.657,240.033],[-149.025,200.51],[-89.264,-176.704],[-49.386,-193.967],[32.344,-193.967]],"c":true}]},{"i":{"x":1,"y":1},"o":{"x":0.167,"y":0.167},"t":14,"s":[{"i":[[0,0],[0,0],[-3.471,21.909],[0,0],[0,0],[0,0],[-6.529,-41.207],[0,0],[-39.396,0],[0,0]],"o":[[39.396,0],[0,0],[6.529,-41.208],[0,0],[0,0],[0,0],[3.478,21.952],[0,0],[0,0],[0,0]],"v":[[120.137,241.716],[160.014,224.457],[219.775,-152.759],[174.407,-192.284],[32.343,-192.284],[-103.657,-192.284],[-149.025,-152.756],[-89.264,224.455],[-49.386,241.716],[32.344,241.716]],"c":true}]},{"i":{"x":1,"y":1},"o":{"x":0,"y":0},"t":17,"s":[{"i":[[0,0],[0,41.563],[0,20.275],[0,0],[0,0],[0,0],[0,-41.563],[0,-21.181],[0,0],[0,0]],"o":[[0,0],[0,-21.287],[0,-41.563],[0,0],[0,0],[0,0],[0,20.381],[0,41.563],[0,0],[0,0]],"v":[[139.194,345.295],[184.49,306.333],[184.49,-258.583],[139.194,-297.546],[31.984,-297.546],[-68.444,-297.546],[-113.74,-258.583],[-113.74,306.333],[-68.444,345.295],[31.984,345.295]],"c":true}]},{"i":{"x":1,"y":1},"o":{"x":0,"y":0},"t":34,"s":[{"i":[[0,0],[0,41.563],[0,20.275],[0,0],[0,0],[0,0],[0,-41.563],[0,-21.181],[0,0],[0,0]],"o":[[0,0],[0,-21.287],[0,-41.563],[0,0],[0,0],[0,0],[0,20.381],[0,41.563],[0,0],[0,0]],"v":[[139.194,345.295],[184.49,306.333],[184.49,-258.583],[139.194,-297.546],[31.984,-297.546],[-68.444,-297.546],[-113.74,-258.583],[-113.74,306.333],[-68.444,345.295],[31.984,345.295]],"c":true}]},{"i":{"x":1,"y":1},"o":{"x":0,"y":0},"t":41,"s":[{"i":[[0,0],[0,41.563],[0,20.275],[0,0],[0,0],[0,0],[0,-20.5],[0,-21.181],[0,0],[0,0]],"o":[[0,0],[0,-21.287],[0,-41.563],[0,0],[0,0],[0,0],[0,20.381],[0,19.324],[0,0],[0,0]],"v":[[262.958,408.896],[288.375,385.386],[288.375,-337.636],[263.375,-360.148],[202.75,-297.501],[-190.5,-297.501],[-217.625,-278.969],[-217.625,327.04],[-190.5,345.34],[202.75,345.34]],"c":true}]},{"i":{"x":1,"y":1},"o":{"x":0,"y":0},"t":59,"s":[{"i":[[0,0],[0,41.563],[0,20.275],[0,0],[0,0],[0,0],[0,-20.5],[0,-21.181],[0,0],[0,0]],"o":[[0,0],[0,-21.287],[0,-41.563],[0,0],[0,0],[0,0],[0,20.381],[0,19.324],[0,0],[0,0]],"v":[[262.958,408.896],[288.375,385.386],[288.375,-337.636],[263.375,-360.148],[202.75,-297.501],[-190.5,-297.501],[-217.625,-278.969],[-217.625,327.04],[-190.5,345.34],[202.75,345.34]],"c":true}]},{"t":66.0000026882351,"s":[{"i":[[0,0],[0,41.563],[0,20.275],[0,0],[0,0],[0,0],[0,-20.5],[0,-21.181],[0,0],[0,0]],"o":[[0,0],[0,-21.287],[0,-41.563],[0,0],[0,0],[0,0],[0,20.381],[0,19.324],[0,0],[0,0]],"v":[[157.475,408.896],[182.892,385.386],[182.892,-337.636],[157.892,-360.148],[97.267,-297.501],[-85.017,-364.454],[-112.142,-345.922],[-112.142,394.488],[-85.017,412.788],[97.267,345.34]],"c":true}]}],"ix":2},"nm":"Path 1","mn":"ADBE Vector Shape - Group","hd":false},{"ty":"gf","o":{"a":0,"k":100,"ix":10},"r":1,"bm":0,"g":{"p":3,"k":{"a":0,"k":[0,0,0.522,0.502,0.5,0,0.753,0.751,1,0,0.984,1],"ix":9}},"s":{"a":0,"k":[180.018,345.784],"ix":5},"e":{"a":0,"k":[-113.351,-295.743],"ix":6},"t":1,"nm":"Gradient Fill 1","mn":"ADBE Vector Graphic - G-Fill","hd":false},{"ty":"tr","p":{"a":0,"k":[-35.375,-23.875],"ix":2},"a":{"a":0,"k":[0,0],"ix":1},"s":{"a":0,"k":[100,100],"ix":3},"r":{"a":0,"k":0,"ix":6},"o":{"a":0,"k":100,"ix":7},"sk":{"a":0,"k":0,"ix":4},"sa":{"a":0,"k":0,"ix":5},"nm":"Transform"}],"nm":"Rectangle 1","np":3,"cix":2,"bm":0,"ix":1,"mn":"ADBE Vector Group","hd":false}],"ip":0,"op":150.000006109625,"st":0,"bm":0}],"markers":[]}