{"v":"5.7.4","fr":29.9700012207031,"ip":0,"op":300.00001221925,"w":1920,"h":1080,"nm":"Top Left","ddd":0,"assets":[],"layers":[{"ddd":0,"ind":1,"ty":4,"nm":"Template 5 Outlines Group 1","sr":1,"ks":{"o":{"a":0,"k":80,"ix":11},"r":{"a":0,"k":0,"ix":10},"p":{"a":0,"k":[1100.8,-76.596,0],"ix":2,"l":2},"a":{"a":0,"k":[680,-35.339,0],"ix":1,"l":2},"s":{"a":0,"k":[176,176,100],"ix":6,"l":2}},"ao":0,"shapes":[{"ty":"gr","it":[{"ind":0,"ty":"sh","ix":1,"ks":{"a":1,"k":[{"i":{"x":0.833,"y":0.833},"o":{"x":0.167,"y":0.167},"t":0,"s":[{"i":[[0,0],[0,0],[-90.235,-45.422],[-93.665,35.753],[-90.674,-44.539],[-50,0],[0,0],[0,0],[0,0]],"o":[[0,0],[42.727,40.108],[95,47.821],[90.455,-34.528],[92.727,45.548],[0,0],[0,0],[0,0],[0,0]],"v":[[-600,0],[-550,35.834],[-300,157.667],[0,121.834],[300,157.667],[550,172],[600,172],[600,-172],[-600,-172]],"c":true}]},{"i":{"x":0.833,"y":0.833},"o":{"x":0.167,"y":0.167},"t":150,"s":[{"i":[[0,0],[0,0],[-100,-14.333],[-100,7.166],[-100,-14.333],[-50,0],[0,0],[0,0],[0,0]],"o":[[0,0],[50,35.833],[100,14.333],[100,-7.167],[100,14.333],[0,0],[0,0],[0,0],[0,0]],"v":[[-600,0],[-550,35.834],[-300,157.667],[0,121.834],[300,157.667],[550,172],[600,172],[600,-172],[-600,-172]],"c":true}]},{"t":299.00001217852,"s":[{"i":[[0,0],[0,0],[-90.235,-45.422],[-93.665,35.753],[-90.674,-44.539],[-50,0],[0,0],[0,0],[0,0]],"o":[[0,0],[42.727,40.108],[95,47.821],[90.455,-34.528],[92.727,45.548],[0,0],[0,0],[0,0],[0,0]],"v":[[-600,0],[-550,35.834],[-300,157.667],[0,121.834],[300,157.667],[550,172],[600,172],[600,-172],[-600,-172]],"c":true}]}],"ix":2},"nm":"Path 1","mn":"ADBE Vector Shape - Group","hd":false},{"ty":"fl","c":{"a":0,"k":[0.12941176470588237,0.807843137254902,0.8,1],"ix":4},"o":{"a":0,"k":100,"ix":5},"r":1,"bm":0,"nm":"Fill 1","mn":"ADBE Vector Graphic - Fill","hd":false},{"ty":"tr","p":{"a":0,"k":[680,-38.215],"ix":2},"a":{"a":0,"k":[0,0],"ix":1},"s":{"a":0,"k":[100,100],"ix":3},"r":{"a":0,"k":0,"ix":6},"o":{"a":0,"k":100,"ix":7},"sk":{"a":0,"k":0,"ix":4},"sa":{"a":0,"k":0,"ix":5},"nm":"Transform"}],"nm":"Group 1","np":2,"cix":2,"bm":0,"ix":1,"mn":"ADBE Vector Group","hd":false}],"ip":0,"op":300.00001221925,"st":0,"bm":0}],"markers":[]}