{"v":"5.6.10","fr":30,"ip":0,"op":900,"w":1920,"h":1080,"nm":"Comp 1","ddd":0,"assets":[],"layers":[{"ddd":0,"ind":1,"ty":4,"nm":"background-animation Outlines","sr":1,"ks":{"o":{"a":0,"k":100,"ix":11},"r":{"a":0,"k":0,"ix":10},"p":{"a":0,"k":[960,540,0],"ix":2},"a":{"a":0,"k":[960,540,0],"ix":1},"s":{"a":0,"k":[100,100,100],"ix":6}},"ao":0,"shapes":[{"ty":"gr","it":[{"ind":0,"ty":"sh","ix":1,"ks":{"a":1,"k":[{"i":{"x":0,"y":1},"o":{"x":0.333,"y":0},"t":0,"s":[{"i":[[376,3.333],[-113.394,-33.372],[-114.108,-91.613],[-126.91,-68.891],[-38.934,7.725],[0,0]],"o":[[108.769,344.769],[167.277,49.23],[112.977,90.705],[56.711,30.785],[0,0],[-376,-3.333]],"v":[[-569.75,-441.642],[-190.75,-81.642],[207.25,77.358],[400.25,411.358],[570.25,434.358],[570.25,-441.642]],"c":true}]},{"i":{"x":0,"y":1},"o":{"x":0.333,"y":0},"t":190,"s":[{"i":[[376,3.333],[-113.394,-33.372],[-114.108,-91.613],[-126.91,-68.891],[-38.934,7.725],[0,0]],"o":[[108.769,344.769],[167.277,49.23],[112.977,90.705],[56.711,30.785],[0,0],[-376,-3.333]],"v":[[-569.75,-441.642],[-196.522,-35.463],[63.25,229.358],[400.25,411.358],[570.25,434.358],[570.25,-441.642]],"c":true}]},{"t":413.000016821835,"s":[{"i":[[376,3.333],[-113.394,-33.372],[-114.108,-91.613],[-126.91,-68.891],[-38.934,7.725],[0,0]],"o":[[108.769,344.769],[167.277,49.23],[112.977,90.705],[56.711,30.785],[0,0],[-376,-3.333]],"v":[[-569.75,-441.642],[-206.75,46.357],[207.25,77.358],[400.25,411.358],[570.25,434.358],[570.25,-441.642]],"c":true}]}],"ix":2},"nm":"Path 1","mn":"ADBE Vector Shape - Group","hd":false},{"ty":"fl","c":{"a":0,"k":[0.12941176470588237,0.807843137254902,0.8,1],"ix":4},"o":{"a":0,"k":100,"ix":5},"r":1,"bm":0,"nm":"Fill 1","mn":"ADBE Vector Graphic - Fill","hd":false},{"ty":"tr","p":{"a":0,"k":[1350.25,442.142],"ix":2},"a":{"a":0,"k":[0,0],"ix":1},"s":{"a":0,"k":[100,100],"ix":3},"r":{"a":0,"k":0,"ix":6},"o":{"a":0,"k":100,"ix":7},"sk":{"a":0,"k":0,"ix":4},"sa":{"a":0,"k":0,"ix":5},"nm":"Transform"}],"nm":"Group 1","np":4,"cix":2,"bm":0,"ix":1,"mn":"ADBE Vector Group","hd":false}],"ip":0,"op":900.000036657751,"st":0,"bm":0}],"markers":[]}